title,company,location,salary,job_type,description,posted_date
Driver Direct Walkin - 03-05-2025 to 15-05-2025,Confidential,Chennai - Kelambakkam Vandalur Road,"18,000 - 20,000",Full Time Jobs,"Driver - Company-driver, Private-Driver, Commercial-Transport-Driver, Heavy-Vehicle-Driver","03 May 2025, 11:10 AM"
3EV drivers,3eco system private pvt.ltd,"Bangalore - Yeshwanthpur, Huskur, Mahadevapura, Soukya Road + 11 more","24,000 - 30,000",Full Time Jobs,"Driver - E-Rickshaw-Driver, Auto-Driver","02 May 2025, 10:52 PM"
Car Drivers,Not mentioned,"Hyderabad - Himayat Nagar, Banjara Hills, Tolichowki, Gandipet + 1 more","3,000 - 45,000",Full Time Jobs,"Driver - Company-driver, Private-Driver, Others","02 May 2025, 05:48 PM"
3ev job,3eco system private pvt.ltd,"Bangalore - Attibele, Attibele - Anekal Road, Electronic City, Electronic City Phase I + 13 more","23,469 - 30,000",Full Time Jobs,"Driver - E-Rickshaw-Driver, Auto-Driver","30 Apr 2025, 08:50 AM"
urgent Hiring of Driver with attractive salary,vs comfort line,"Bangalore - Indira Nagar, Ulsoor, New Thippasandra, Jeevanbheema Nagar + 1 more","18,000 - 20,000",Full Time Jobs,Driver - Company-driver,"30 Apr 2025, 08:31 AM"
Required cab drivers for chennai location,Not mentioned,"Chennai - Adambakkam, Alandur, St Thomas Mount, Guindy","18,000 - 20,000",Full Time Jobs,Driver,"28 Apr 2025, 12:12 PM"
CAR - BIKE DRIVER JOB VISA IN SAUDI ARABIA,AL HAMZA TRAVELS,Saudiarabia,"37,000 - 46,000",Work Abroad,"Driver - Company-driver, Private-Driver, Commercial-Transport-Driver, Interstate-Driver + 5 more","27 Apr 2025, 10:37 AM"
Driver Job In Saudi Arabia EMPLOYMENT VISA,AL HAMZA TRAVELS,"Lucknow - Charbagh, Alambagh, Chowk, Lucknow - Faizabad Road + 1 more","37,000 - 55,000",Work From Home,"Driver - Company-driver, Private-Driver, Commercial-Transport-Driver, Interstate-Driver + 5 more","26 Apr 2025, 07:53 PM"
Driver required- 22000 in hand salary,Not mentioned,Gurgaon - Sector 45,"20,000 - 22,000",Full Time Jobs,Driver,"26 Apr 2025, 06:56 PM"
Urgent Driver Required for personal car,Not mentioned,Lucknow - 60 Feet Road,"7,000 - 12,000",Full Time Jobs,Driver,"26 Apr 2025, 10:21 AM"
URGENT HIRING FOR DRIVER IN ABROAD,Not mentioned,"Chennai - 200 Feet Radial Road, Alathur, Chengalpattu, Chembarambakkam + 1 more","82,000 - 99,999",Full Time Jobs,Driver - Company-driver,"24 Apr 2025, 04:55 PM"
Urgently hiring for drivers with attractive salary in reputed companies,Unites Infra services private limited,"Bangalore - Yeshwanthpur, Yeswanthpur, Jalahalli, Nelamangala + 1 more","18,000 - 19,000",Full Time Jobs,Driver - Company-driver,"24 Apr 2025, 01:42 AM"
urgently required passenger car driver,WOODMAN SECURITY AND ALLIED SERVICES PVT LTD,"Bangalore - Goraguntepalya, Yeshwanthpur, Jalahalli","15,000 - 16,000",Full Time Jobs,Driver - Private-Driver,"23 Apr 2025, 08:23 PM"
WANT HEAVY DRIVER,Ashok Leyland(Ennore Plant),"Chennai - Tiruvottiyur, Manali, Ponneri, Tondiarpet + 1 more","20,000 - 30,000",Full Time Jobs,"Driver - Company-driver, Commercial-Transport-Driver, Heavy-Vehicle-Driver, Truck-driver","23 Apr 2025, 01:48 PM"
Driver Job Opening Available in Singapore,Not mentioned,Singapore,"95,000 - 99,999",Work Abroad,Driver,"23 Apr 2025, 07:07 AM"
91EV Is Urgently Hiring for 3 wheeler Mahindra Electric Auto .,NINEONE EV PVT LTD,"Hyderabad - Miyapur, Hafeezpet, Pragathi Nagar Road, Bachupally + 1 more","26,000 - 30,000",Full Time Jobs,Driver - Auto-Driver,"22 Apr 2025, 09:08 PM"
A driver is needed for RedTaxi. The candidate must have a valid badge and knowledge of electric vehicles.,Not mentioned,Coimbatore - Coimbatore Airport,"15,000 - 30,000",Full Time Jobs,Driver - Taxi driver,"22 Apr 2025, 05:49 PM"
Urgent Vacancy Driver Honda Motors Company Knowleage Google Map Route Knowleage Fresher & Experience Candidates Apply,Honda Company,"Jaipur - Jhotwara, Kanota, Kukas, Paldi Meena + 1 more","23,500 - 48,500",Full Time Jobs,"Driver - Company-driver, Private-Driver, Commercial-Transport-Driver, Interstate-Driver + 10 more","21 Apr 2025, 02:13 PM"
HIRING FOR DRIVERS FOR HYD LOCATION || UP TO 30K,SRINIKA TOURS AND TRAVELS,"Vijayawada - Adavinekkalam, Ayyappa Nagar, Chevitikallu, Chittinagar + 1 more","25,000 - 30,000",Full Time Jobs,Driver - Taxi/Cab,"19 Apr 2025, 01:44 PM"
We are hring for driver in singapore,Not mentioned,Singapore,"80,000 - 97,000",Work Abroad,"Driver - Company-driver, Private-Driver, Commercial-Transport-Driver, Interstate-Driver + 10 more","14 Apr 2025, 08:02 AM"
Driver for small comercial loader LMV licence required,thekabadiwala,"Nagpur - Bhandewadi, Chandranagar, Sai Nagar, Bidgaon + 1 more","12,500 - 13,500",Full Time Jobs,"Driver - Company-driver, Private-Driver, Commercial-Transport-Driver, Interstate-Driver + 7 more","02 May 2025, 04:28 PM"
Urgent Hiring Driver job for Rajiv Gandhi International Airport Hyderabad.,Keshav Sharma,"Hyderabad - Banjara Hills, HITEC City, Jubilee Hills, Kokapet + 1 more","25,500 - 46,500",Full Time Jobs,"Driver - Company-driver, Private-Driver, Commercial-Transport-Driver, Interstate-Driver + 10 more","02 May 2025, 12:24 PM"
Driver for Home,Not mentioned,Chennai - Thoraipakkam,"20,000 - 23,000",Full Time Jobs,Driver - Private Driver,"02 May 2025, 10:18 AM"
Driver for automatic car,Not mentioned,"Nagpur - Rana Pratap Nagar, Telecom Nagar","9,000 - 12,000",Full Time Jobs,Driver,"30 Apr 2025, 05:50 PM"
HIRING FOR DRIVERS FOR HYD LOCATION || UP TO 30K,SRINIKA TOURS AND TRAVELS,"Suryapet - Balaram Thanda, Ambedkar Nagar, Nuthankal, Suryapeta Khammam Road + 1 more","25,000 - 30,000",Full Time Jobs,Driver - Taxi/Cab,"30 Apr 2025, 10:02 AM"
HIRING FOR DRIVERS FOR HYD LOCATION || UP TO 30K,SRINIKA TOURS AND TRAVELS,Hyderabad,"25,000 - 30,000",Full Time Jobs,Driver - Taxi/Cab,"30 Apr 2025, 10:02 AM"
CAR-BIKE DRIVER JOB VISA IN SAUDI ARABIA,AL HAMZA TRAVELS,Patna,"36,000 - 45,000",Full Time Jobs,"Driver - Company-driver, Private-Driver, Commercial-Transport-Driver, Interstate-Driver","29 Apr 2025, 06:49 PM"
Urgent Hiring For Cab Driver For Fresher Or Experience Both Requirement Bangalore.,Not mentioned,Bangalore,"25,500 - 65,500",Full Time Jobs,"Driver - Company-driver, Private-Driver, Commercial-Transport-Driver, Interstate-Driver","24 Apr 2025, 11:09 PM"
URGENT HIRING FOR DRIVER IN ABROAD,Not mentioned,Hyderabad,"82,000 - 99,000",Full Time Jobs,Driver - Company-driver,"24 Apr 2025, 10:13 PM"
Urgent Hiring Driver job for Chhatrapati Shivaji Maharaj International Airport Mumbai.,Keshav Sharma,Mumbai,"25,500 - 46,500",Full Time Jobs,"Driver - Company-driver, Private-Driver, Commercial-Transport-Driver, Interstate-Driver","23 Apr 2025, 09:12 PM"
Personal driver required . House will be provided for family,Not mentioned,Bangalore,"15,000 - 18,000",Full Time Jobs,Driver,"22 Apr 2025, 10:44 PM"
Urgent Hiring Car Driver Bangalore,Drivers In India,Bangalore,"23,000 - 25,000",Full Time Jobs,"Driver - Company-driver, Private-Driver","21 Apr 2025, 09:32 PM"
Urgent Hiring For Cab Driver For Fresher Or Experience Both Requirement Hyderabad.,Not mentioned,Hyderabad,"25,550 - 65,550",Full Time Jobs,"Driver - Company-driver, Private-Driver, Commercial-Transport-Driver, Interstate-Driver","21 Apr 2025, 05:32 PM"
HIRING DRIVERS || KARIMNAGAR ||SALARY UP TO 40K,SRINIKA TOURS & TRAVELS,Karimnagar,"20,000 - 40,000",Full Time Jobs,"Driver - Company-driver, Private-Driver, Commercial-Transport-Driver, Interstate-Driver","21 Apr 2025, 05:19 PM"
Wanted drivers,Not mentioned,Nalgonda,"25,000 - 32,000",Full Time Jobs,"Driver - Company-driver, Commercial-Transport-Driver, Others, Taxi-driver","21 Apr 2025, 05:14 PM"
Exciting Opportunities for Drivers,Not mentioned,Bangalore,"25,000 - 35,000",Full Time Jobs,"Driver - Company-driver, Private-Driver, Taxi/Cab","12 Apr 2025, 02:59 PM"
urgent required for ambulance driver,Quikr,Bangalore,"25,000 - 26,000",Full Time Jobs,Driver,"12 Apr 2025, 02:58 PM"
hiring drivers,Not mentioned,Chennai,"20,000 - 23,000",Full Time Jobs,"Driver - Company-driver, Private-Driver, Commercial-Transport-Driver, Interstate-Driver","28 Oct 2024, 05:03 PM"
NEEDED CAR DRIVERS,YUVI CARS,Chennai,"22,000 - 45,000",Full Time Jobs,Driver - Company-driver,"09 Sep 2024, 12:31 PM"
Immediate Hiring candidates for driver,Not mentioned,Chennai,"10,000 - 30,000",Full Time Jobs,"Driver - Company-driver, Private-Driver, Commercial-Transport-Driver, Interstate-Driver","22 Jul 2024, 09:53 AM"
Urgently hiring for drivers,Confidential,Hyderabad,"20,000 - 30,000",Full Time Jobs,"Driver - Company-driver, Private-Driver, Commercial-Transport-Driver, Interstate-Driver","14 May 2024, 11:23 AM"
railway officer duty,Not mentioned,Chennai,"19,000 - 21,000",Full Time Jobs,"Driver - Company driver, Private Driver","24 Apr 2025, 10:08 AM"
driver for city driving and daily comute,Not mentioned,Pune,"20,000 - 24,000",Full Time Jobs,"Driver - Company driver, Private Driver","23 Apr 2025, 03:10 PM"
HIRING FOR DRIVERS FOR HYD LOCATION || UP TO 30K,SRINIKA TOURS AND TRAVELS,Kurnool,"25,000 - 30,000",Full Time Jobs,Driver,"03 May 2025, 07:08 PM"
Main ek mujhe job ki bahut jarurat hai,Not mentioned,Srinagar,"20,000 - 21,000",Full Time Jobs,Driver,"03 May 2025, 06:06 PM"
"Driver required for car as uber,ola driver",Not mentioned,Mumbai,"25,000 - 35,000",Full Time Jobs,Driver,"03 May 2025, 05:58 PM"
Urgent Hiring for Experienced Drivers,SW Cybernetics,Delhi,"20,000 - 22,000",Full Time Jobs,"Driver - Company-driver, Private-Driver, School-Bus-Driver, Two-Wheeler-Driver","03 May 2025, 05:55 PM"
CAR DRIVER,Not mentioned,Mumbai,"15,000 - 23,000",Full Time Jobs,Driver - Private-Driver,"03 May 2025, 05:53 PM"
Rapido Is Hiring Delivery Boy Biker || Salary Upto 30000 ||,ROPPEN TRANSPORTATION SERVICES PVT LTD,Jhajjar,"25,000 - 30,000",Full Time Jobs,Driver,"03 May 2025, 04:56 PM"
COMPANY & HOME CAR DRIVER,"SHREE ABIRAMI ENGINEERING WORKS PVT. LTD.,",Chennai,"22,000 - 23,000",Full Time Jobs,Driver,"03 May 2025, 04:28 PM"
Need full time driver,Not mentioned,Ahmedabad - Bopal,"10,000 - 12,000",Full Time Jobs,Driver,"03 May 2025, 04:09 PM"
Company driver,Not mentioned,"Kolkata - Behala Chowrasta, Sarsuna","12,000 - 15,000",Full Time Jobs,Driver,"03 May 2025, 03:59 PM"
3Ev drivers,3eco system private pvt.ltd,"Mumbai - Bhiwandi, Ghatkopar East, Goregaon East, Goregaon West + 1 more","25,000 - 30,000",Full Time Jobs,"Driver - E-Rickshaw-Driver, Auto-Driver","03 May 2025, 03:25 PM"
private Driver,loyla private ltd,"Mumbai - Dadar, Dadar West","21,000 - 22,000",Full Time Jobs,Driver - Private-Driver,"03 May 2025, 03:24 PM"
HIRING DRIVER FOR ATTAPUR BRANCH SLEF DRIVE CARS CONTACT9618423344,F1CARZ PVT.LTD,"Hyderabad - Attapur, Chanda Nagar","12,000 - 15,000",Full Time Jobs,Driver,"03 May 2025, 03:21 PM"
Driver required for Ola Uber,Rudra tour and travels,Dehradun - Clock Tower,"18,000 - 25,000",Full Time Jobs,"Driver - Taxi-driver, Taxi/Cab","03 May 2025, 01:09 PM"
Driver for innova crysta and Dzire vehicle want be keep clean Driver want to be know all routes,Not mentioned,Bangalore - Malleshwaram,"10,000 - 12,000",Full Time Jobs,Driver,"03 May 2025, 12:45 PM"
Office Driver,VGP Housing,Chennai - Saidapet,"15,000 - 20,000",Full Time Jobs,Driver - Company-driver,"03 May 2025, 12:22 PM"
Rapido Is Hiring Delivery Boy Biker || Salary Upto 30000 ||,ROPPEN TRANSPORTATION SERVICES PVT LTD,"Kasganj - Salempur Bibi, Mohanpur, Soron, Patiyali","25,000 - 30,000",Full Time Jobs,Driver,"03 May 2025, 12:14 PM"
DCM Driver Hiring,Sahasra PEB,"Hyderabad - Jeedimetla, Kukatpally, Gandi Maisamma","15,000 - 16,000",Full Time Jobs,"Driver - Company-driver, Commercial-Transport-Driver, Heavy-Vehicle-Driver, Truck-driver","03 May 2025, 11:25 AM"
Rapido Is Hiring Delivery Boy Biker || Salary Upto 30000 ||,ROPPEN TRANSPORTATION SERVICES PVT LTD,"Firozabad - Sirsaganj, Tundla, Shikohabad, Raja Ka Taal + 1 more","25,000 - 30,000",Full Time Jobs,Driver,"03 May 2025, 11:09 AM"
Looking for ambulance driver,Uplevel Solution Pvt Ltd,"Gurgaon - Golf Course Road, Mg Road, Huda Colony","15,000 - 25,000",Full Time Jobs,Driver - Ambulance-Driver,"03 May 2025, 09:52 AM"
Rapido Is Hiring Delivery Boy Biker || Salary Upto 30000 ||,ROPPEN TRANSPORTATION SERVICES PVT LTD,"Charkhidadri - Charkhi Dadri Jhajjar Road, Charkhi Dadri Rohtak Road","25,000 - 30,000",Full Time Jobs,Driver,"03 May 2025, 09:15 AM"
Rapido Is Hiring Delivery Boy Biker || Salary Upto 30000 ||,ROPPEN TRANSPORTATION SERVICES PVT LTD,"Morbi - Ravapar, Unchi Mandal, Vijay Nagar, Makansar + 1 more","25,000 - 30,000",Full Time Jobs,Driver,"02 May 2025, 10:37 PM"
Driver only,Not mentioned,"Trichy - Karur Bye Pass Road, Anna Nagar, Ezhil Nagar, Kaveri Nagar + 1 more","40,000 - 41,000",Full Time Jobs,Driver,"02 May 2025, 01:58 PM"
Rapido Is Hiring Delivery Boy Biker || Salary Upto 30000 ||,ROPPEN TRANSPORTATION SERVICES PVT LTD,"Deoria - Bhatni Bazar, Bhatwaliya, Barhaj, Bhikhampur Road + 1 more","25,000 - 30,000",Full Time Jobs,"Driver - Company-driver, Private-Driver, Commercial-Transport-Driver, Interstate-Driver + 10 more","02 May 2025, 12:48 PM"
Driver Required,Mangalmay Travles and rentals,"Nagpur - Manish Nagar, New Manish Nagar, Narendra Nagar, Besa + 1 more","18,000 - 20,000",Full Time Jobs,"Driver - Company-driver, Private-Driver, Interstate-Driver, Auto-Driver","02 May 2025, 12:07 PM"
Jugnoo Bike Taxi Captain Male Female,Not mentioned,"Dindigul - Nagal Nagar, Kodaikanal, Palani Road","20,000 - 30,000",Full Time Jobs,Driver,"02 May 2025, 11:09 AM"
Driver Job for local mumbai,Not mentioned,"Mumbai - Asalpha, Andheri East","10,000 - 25,000",Full Time Jobs,Driver,"02 May 2025, 10:35 AM"
Taxi Driver,Not mentioned,"Varanasi - Samne Ghat, Nagwa Lanka, Ramnagar, Assi Ghat + 1 more","8,000 - 8,500",Full Time Jobs,Driver,"02 May 2025, 10:33 AM"
Rapido Is Hiring Delivery Boy Biker || Salary Upto 30000 ||,ROPPEN TRANSPORTATION SERVICES PVT LTD,"Maharajganj - Lohiya Nagar, Chaupariya, Ghughli, Nautanwa + 1 more","25,000 - 30,000",Full Time Jobs,Driver,"02 May 2025, 10:24 AM"
Rapido Is Hiring Delivery Boy Biker || Salary Upto 30000 ||,ROPPEN TRANSPORTATION SERVICES PVT LTD,"Basti - Basti Khas, Babnan Bazar, Gandhi Nagar, Harraiya + 1 more","25,000 - 30,000",Full Time Jobs,Driver,"02 May 2025, 10:07 AM"
Rapido Is Hiring Delivery Boy Biker || Salary Upto 30000 ||,ROPPEN TRANSPORTATION SERVICES PVT LTD,"Farrukhabad - Panchal Ghat Road, Ninaua, Nekpur Kalan, Manhari + 1 more","25,000 - 30,000",Full Time Jobs,Driver,"02 May 2025, 09:13 AM"
Rapido Is Hiring Delivery Boy Biker || Salary Upto 30000 ||,ROPPEN TRANSPORTATION SERVICES PVT LTD,"Azamgarh - Arazibag, Ailwal, Balrampur, Bazbahadur + 1 more","25,000 - 30,000",Full Time Jobs,"Driver - Company-driver, Private-Driver, Commercial-Transport-Driver, Interstate-Driver + 10 more","02 May 2025, 08:59 AM"
Driver for ola uber rapido,Not mentioned,Thane - Thane East,"1,000 - 1,500",Full Time Jobs,Driver,"02 May 2025, 12:54 AM"
Rapido Is Hiring Delivery Boy Biker || Salary Upto 30000 ||,ROPPEN TRANSPORTATION SERVICES PVT LTD,"Bellary - Bellary Bangalore Highway, Maramanahalli, Renuka Nagar, TGB Colony + 1 more","25,000 - 30,000",Full Time Jobs,Not mentioned,"01 May 2025, 05:50 PM"
Rapido Is Hiring Delivery Boy Biker || Salary Upto 30000 ||,ROPPEN TRANSPORTATION SERVICES PVT LTD,"Thoothukudi - Arumuganeri, Ettayapuram Road, Kurukattoor, Muthiahpuram + 1 more","25,000 - 30,000",Full Time Jobs,Not mentioned,"01 May 2025, 05:47 PM"
Rapido Is Hiring Delivery Boy Biker || Salary Upto 30000 ||,ROPPEN TRANSPORTATION SERVICES PVT LTD,"Raebareli - Jawahar Vihar Colony, Indira Nagar, Lalganj, Lucknow - Allahabad Road + 1 more","25,000 - 30,000",Full Time Jobs,Not mentioned,"01 May 2025, 02:21 PM"
Rapido Is Hiring Delivery Boy Biker || Salary Upto 30000 ||,ROPPEN TRANSPORTATION SERVICES PVT LTD,"Bhuj - Ravalvadi, Traya, Sural Bhit, Uma Nagar + 1 more","25,000 - 30,000",Full Time Jobs,Not mentioned,"01 May 2025, 10:37 AM"
Rapido Is Hiring Delivery Boy Biker || Salary Upto 30000 ||,ROPPEN TRANSPORTATION SERVICES PVT LTD,"Ambedkarnagar - Akbarpur, Dubaulia, Khanpur Husenabad, Kuraw + 1 more","25,000 - 30,000",Full Time Jobs,Not mentioned,"01 May 2025, 08:56 AM"
Rapido Is Hiring Delivery Boy Biker || Salary Upto 30000 ||,ROPPEN TRANSPORTATION SERVICES PVT LTD,"Ghazipur - Sadat, Rauza, Pithapur, Kacehri + 1 more","25,000 - 30,000",Full Time Jobs,Not mentioned,"01 May 2025, 12:42 AM"
Private Driver,Not mentioned,"Northlakhimpur - Chetia Gaon, KB Road","17,000 - 18,000",Full Time Jobs,Not mentioned,"30 Apr 2025, 08:25 PM"
Car driving,Not mentioned,"Gulbarga - Ring Road, Kamalapur, Nehru Gunj","14,000 - 15,000",Full Time Jobs,Not mentioned,"30 Apr 2025, 05:22 PM"
Rapido Is Hiring Delivery Boy Biker || Salary Upto 30000 ||,ROPPEN TRANSPORTATION SERVICES PVT LTD,"Sitapur - Khubpur, Prem Nagar, Naipalapur, Sidhauli + 1 more","25,000 - 30,000",Full Time Jobs,Not mentioned,"30 Apr 2025, 04:54 PM"
Rapido Is Hiring Delivery Boy Biker || Salary Upto 30000 ||,ROPPEN TRANSPORTATION SERVICES PVT LTD,"Krishnanagar - Baruihuda, Anadi Nagar, Bhatjangla, Ghurni P + 1 more","25,000 - 30,000",Full Time Jobs,Not mentioned,"30 Apr 2025, 04:10 PM"
CAR DRIVER,SIDDHARTH,Sambalpur - Modipada,"10,000 - 12,000",Full Time Jobs,Not mentioned,"30 Apr 2025, 02:42 PM"
Tractor Driver need In Gatar wala,Not mentioned,"Palanpur - Gathaman Road, Angola Road, Dhundhiyawadi, Laxmipura","10,000 - 11,000",Full Time Jobs,Not mentioned,"30 Apr 2025, 01:24 PM"
HIRING FOR DRIVERS FOR HYD LOCATION || UP TO 30K,SRINIKA TOURS AND TRAVELS,"Khamman - Aswaraopeta, Bhadrachalam, Gajula Ramamaram, Khammam Bypass Road + 1 more","20,000 - 30,000",Full Time Jobs,Not mentioned,"30 Apr 2025, 11:00 AM"
HIRING FOR DRIVERS FOR HYD LOCATION || UP TO 30K,SRINIKA TOURS AND TRAVELS,"Eluru - Denduluru, Ameenapet, Gokinepalle, Jangareddygudem Road + 1 more","25,000 - 30,000",Full Time Jobs,Not mentioned,"30 Apr 2025, 11:00 AM"
Multi Tasking Staff,AYUSH NATURAL CURE HOSPITAL,"Shimla - New Shimla, Totu","8,000 - 15,000",Full Time Jobs,Not mentioned,"30 Apr 2025, 10:51 AM"
School Driver With batch and Heavy duty Licence compulsory,Not mentioned,Tirupur - Tirupur Kangayam Road,"15,000 - 16,000",Full Time Jobs,Not mentioned,"30 Apr 2025, 10:15 AM"
Rapido Is Hiring Delivery Boy Biker || Salary Upto 30000 ||,ROPPEN TRANSPORTATION SERVICES PVT LTD,"Bhadohi - Ajaypur, Akorha, Abholi, Anangpur + 1 more","25,000 - 30,000",Full Time Jobs,Not mentioned,"30 Apr 2025, 08:21 AM"
Rapido Is Hiring Delivery Boy Biker || Salary Upto 30000 ||,ROPPEN TRANSPORTATION SERVICES PVT LTD,"Kaithal - Sirta road, Rajni Colony, Udyog Marg, Vivek Nagar + 1 more","25,000 - 30,000",Full Time Jobs,Not mentioned,"30 Apr 2025, 01:46 AM"
Car Driving,Not mentioned,Ambala - Ambala Chandigarh road,"25,000 - 26,000",Full Time Jobs,Not mentioned,"29 Apr 2025, 08:18 PM"
Driver 4wheeler,Not mentioned,Idukki - Kumily,"30,000 - 31,000",Full Time Jobs,Not mentioned,"29 Apr 2025, 06:16 PM"
Rapido Is Hiring Delivery Boy Biker || Salary Upto 30000 ||,ROPPEN TRANSPORTATION SERVICES PVT LTD,"Mainpuri - GT Road, Devpura, Devi Road, Bhat Nagar + 1 more","25,000 - 30,000",Full Time Jobs,Not mentioned,"29 Apr 2025, 05:33 PM"
Driver and trainer,Not mentioned,Salem - Tharamangalam,"30,000 - 31,000",Full Time Jobs,Not mentioned,"29 Apr 2025, 05:09 PM"
Rapido Is Hiring Delivery Boy Biker || Salary Upto 30000 ||,ROPPEN TRANSPORTATION SERVICES PVT LTD,"Etawah - Krishna Nagar, Prakash Nagar, Ram Nagar, Shanti Colony + 1 more","25,000 - 30,000",Full Time Jobs,Not mentioned,"29 Apr 2025, 04:30 PM"
Rapido Is Hiring Delivery Boy Biker || Salary Upto 30000 ||,ROPPEN TRANSPORTATION SERVICES PVT LTD,"Mau - Ghosi, Kajha, Gawli Palasia, Ratanpura + 1 more","25,000 - 30,000",Full Time Jobs,Not mentioned,"29 Apr 2025, 04:21 PM"
Rapido Is Hiring Delivery Boy Biker || Salary Upto 30000 ||,ROPPEN TRANSPORTATION SERVICES PVT LTD,"Palanpur - Gathaman Road, Ambika Society, Laxmipura, Angola Road + 1 more","25,000 - 30,000",Full Time Jobs,Not mentioned,"29 Apr 2025, 12:53 PM"
Rapido Is Hiring Delivery Boy Biker || Salary Upto 30000 ||,ROPPEN TRANSPORTATION SERVICES PVT LTD,"Ballia - Bansdih, Baheri, Belthara Road, Bhimpura + 1 more","25,000 - 30,000",Full Time Jobs,Not mentioned,"29 Apr 2025, 12:22 PM"
Company Driver,Not mentioned,"Navimumbai - Nerul, Kharghar, Panvel, Ghansoli + 1 more","20,000 - 25,000",Full Time Jobs,Not mentioned,"29 Apr 2025, 12:13 PM"
Rapido Is Hiring Delivery Boy Biker || Salary Upto 30000 ||,ROPPEN TRANSPORTATION SERVICES PVT LTD,"Satna - Dhawari, Mukhtiyarganj, RamTekri, Transport Nagar + 1 more","25,000 - 30,000",Full Time Jobs,Not mentioned,"29 Apr 2025, 09:27 AM"
Rapido Is Hiring Delivery Boy Biker || Salary Upto 30000 ||,ROPPEN TRANSPORTATION SERVICES PVT LTD,"Shamli - Jhinjhana, Kandhla, Pansariyan Colony, Majra Road + 1 more","25,000 - 30,000",Full Time Jobs,Not mentioned,"29 Apr 2025, 08:56 AM"
TRUCK DRIVER,QUEBEC,Canada,"99,000 - 99,999",Work Abroad,Not mentioned,"29 Apr 2025, 07:59 AM"
Rapido Is Hiring Delivery Boy Biker || Salary Upto 30000 ||,ROPPEN TRANSPORTATION SERVICES PVT LTD,"Gonda - Jhanjhari Block, Mankapur, Khaira, New Colony + 1 more","25,000 - 30,000",Full Time Jobs,Not mentioned,"29 Apr 2025, 07:27 AM"
Rapido Is Hiring Delivery Boy Biker || Salary Upto 30000 ||,ROPPEN TRANSPORTATION SERVICES PVT LTD,"Rampur - Baradari, Awas Vikas, Civil Lines, Dhamora + 1 more","25,000 - 30,000",Full Time Jobs,Not mentioned,"28 Apr 2025, 11:52 PM"
Rapido Is Hiring Delivery Boy Biker || Salary Upto 30000 ||,ROPPEN TRANSPORTATION SERVICES PVT LTD,"Faridkot - Bhan Singh Colony, Harindar Nagar, New Cantonment Road, Sunder Nagar + 1 more","25,000 - 30,000",Full Time Jobs,Not mentioned,"28 Apr 2025, 11:04 PM"
Rapido Is Hiring Delivery Boy Biker || Salary Upto 30000 ||,ROPPEN TRANSPORTATION SERVICES PVT LTD,"Tiruvannamalai - Avalurpet, Devanandal, Kilnachipattu, Melnagar + 1 more","25,000 - 30,000",Full Time Jobs,Not mentioned,"28 Apr 2025, 09:18 PM"
Rapido Is Hiring Delivery Boy Biker || Salary Upto 30000 ||,ROPPEN TRANSPORTATION SERVICES PVT LTD,"Muzaffarnagar - Civil Lines South, Krishnapuri, Upper Ganga Canal Road, Sutharshahi + 1 more","25,000 - 30,000",Full Time Jobs,Not mentioned,"28 Apr 2025, 07:57 PM"
Car driver need,Not mentioned,Nagpur - Manish Nagar,"8,000 - 15,000",Full Time Jobs,Not mentioned,"28 Apr 2025, 07:17 PM"
Rapido Is Hiring Delivery Boy Biker || Salary Upto 30000 ||,ROPPEN TRANSPORTATION SERVICES PVT LTD,"Shahjahanpur - Khirni Bagh, Lodhipur, Kuchha Kathara, Nighohi Road + 1 more","25,000 - 30,000",Full Time Jobs,Not mentioned,"28 Apr 2025, 05:40 PM"
Rapido Is Hiring Delivery Boy Biker || Salary Upto 30000 ||,ROPPEN TRANSPORTATION SERVICES PVT LTD,"Dholpur - RIICO, Hirnauda, Sarkan Khera, Saipau + 1 more","25,000 - 30,000",Full Time Jobs,Not mentioned,"28 Apr 2025, 05:31 PM"
Driver cum Office Boy,VijayaDhaya Group,"Madurai - Mattiuttavani, Otthakadai","12,000 - 15,000",Full Time Jobs,Not mentioned,"28 Apr 2025, 04:50 PM"
Rapido Is Hiring Delivery Boy Biker || Salary Upto 30000 ||,ROPPEN TRANSPORTATION SERVICES PVT LTD,"Purulia - New Famine Road, Raghunathpur, Raghabpur, NH 32 + 1 more","25,000 - 30,000",Full Time Jobs,Not mentioned,"28 Apr 2025, 04:24 PM"
Rapido Is Hiring Delivery Boy Biker || Salary Upto 30000 ||,ROPPEN TRANSPORTATION SERVICES PVT LTD,"Theniallinagaram - Kandamanur, Theni Allinagaram, T Azhagarnaickanpatti, Thappukundu + 1 more","25,000 - 30,000",Full Time Jobs,Not mentioned,"28 Apr 2025, 03:22 PM"
Rapido Is Hiring Delivery Boy Biker || Salary Upto 30000 ||,ROPPEN TRANSPORTATION SERVICES PVT LTD,"Jaunpur - Olandganj, Newada, Phoolpur, Ramdaspur + 1 more","25,000 - 30,000",Full Time Jobs,Not mentioned,"28 Apr 2025, 03:01 PM"
Rapido Is Hiring Delivery Boy Biker || Salary Upto 30000 ||,ROPPEN TRANSPORTATION SERVICES PVT LTD,"Godhra - Nadisar, Vansiya, Timba, Tajpur + 1 more","25,000 - 30,000",Full Time Jobs,Not mentioned,"28 Apr 2025, 02:27 PM"
Rapido Is Hiring Delivery Boy Biker || Salary Upto 30000 ||,ROPPEN TRANSPORTATION SERVICES PVT LTD,"Hardoi - Avas Vikas Colony, Azadnagar, Cinema Road, Balamau + 1 more","25,000 - 30,000",Full Time Jobs,Not mentioned,"28 Apr 2025, 01:27 PM"
Rapido Is Hiring Delivery Boy Biker || Salary Upto 30000 ||,ROPPEN TRANSPORTATION SERVICES PVT LTD,"Mandya - Kattahalli, Srirangapatna, Tubinakere, Subash Nagar + 1 more","25,000 - 30,000",Full Time Jobs,Not mentioned,"28 Apr 2025, 01:20 PM"
Rapido Is Hiring Delivery Boy Biker || Salary Upto 30000 ||,ROPPEN TRANSPORTATION SERVICES PVT LTD,"Chitrakoot - Purani Bazar, Sitapur","25,000 - 30,000",Full Time Jobs,Not mentioned,"28 Apr 2025, 12:45 PM"
Doctor work,Not mentioned,Chitrakoot - Sitapur,"15,000 - 16,000",Full Time Jobs,Not mentioned,"28 Apr 2025, 12:45 PM"
Rapido Is Hiring Delivery Boy Biker || Salary Upto 30000 ||,ROPPEN TRANSPORTATION SERVICES PVT LTD,"Sultanpur - Civil Line, Dariyapur, Devkali, Badhaiyabeer + 1 more","25,000 - 30,000",Full Time Jobs,Not mentioned,"28 Apr 2025, 12:11 PM"
Auto rikshaw rental on daily basis,Not mentioned,"Vijayawada - Auto Nagar, 1 Town, Gollapudi","15,000 - 16,000",Full Time Jobs,Not mentioned,"28 Apr 2025, 11:47 AM"
Rapido Is Hiring Delivery Boy Biker || Salary Upto 30000 ||,ROPPEN TRANSPORTATION SERVICES PVT LTD,"Budaun - Sahaswan, Patiyali Sarai, Molvi Tola, Mauzampur Nehnagar + 1 more","25,000 - 30,000",Full Time Jobs,Not mentioned,"28 Apr 2025, 11:02 AM"
Rapido Is Hiring Delivery Boy Biker || Salary Upto 30000 ||,ROPPEN TRANSPORTATION SERVICES PVT LTD,"Chitradurga - Saraswathipuram, Vidyanagara Extension, Prashanta Nagar, Molakalmuru + 1 more","25,000 - 30,000",Full Time Jobs,Not mentioned,"28 Apr 2025, 11:01 AM"
Delivery executive,Not mentioned,Rangareddy - Kukatpally,"25,000 - 40,000",Full Time Jobs,Not mentioned,"28 Apr 2025, 10:51 AM"
Rapido Is Hiring Delivery Boy Biker || Salary Upto 30000 ||,ROPPEN TRANSPORTATION SERVICES PVT LTD,"Jalaun - Aal, Aata, Abhirva, Abhedipur + 1 more","25,000 - 30,000",Full Time Jobs,Not mentioned,"28 Apr 2025, 10:38 AM"
Rapido Is Hiring Delivery Boy Biker || Salary Upto 30000 ||,ROPPEN TRANSPORTATION SERVICES PVT LTD,"Orai - Patel Nagar, Bajaria, Sushil Nagar","25,000 - 30,000",Full Time Jobs,Not mentioned,"28 Apr 2025, 10:38 AM"
Rapido Is Hiring Delivery Boy Biker || Salary Upto 30000 ||,ROPPEN TRANSPORTATION SERVICES PVT LTD,"Etah - Khairpur, Manpur, Qidwai Nagar, Shrangar Nagar + 1 more","25,000 - 30,000",Full Time Jobs,Not mentioned,"28 Apr 2025, 10:38 AM"
Rapido Is Hiring Delivery Boy Biker || Salary Upto 30000 ||,ROPPEN TRANSPORTATION SERVICES PVT LTD,"Pratapgarh - Paltan Bazar Colony, Patti road, Kunda, Karanpur Kuhi + 1 more","25,000 - 30,000",Full Time Jobs,Not mentioned,"28 Apr 2025, 10:38 AM"
Rapido Is Hiring Delivery Boy Biker || Salary Upto 30000 ||,ROPPEN TRANSPORTATION SERVICES PVT LTD,"Fatehabad - NH-10, Ratia, Maturam Colony, Bighar Road + 1 more","25,000 - 30,000",Full Time Jobs,Not mentioned,"28 Apr 2025, 10:38 AM"
Rapido Is Hiring Delivery Boy Biker || Salary Upto 30000 ||,ROPPEN TRANSPORTATION SERVICES PVT LTD,"Haveri - Shiggaon, Tadas, Vinayaka Nagar, Lakamapur + 1 more","25,000 - 30,000",Full Time Jobs,Not mentioned,"28 Apr 2025, 10:38 AM"
Rapido Is Hiring Delivery Boy Biker || Salary Upto 30000 ||,ROPPEN TRANSPORTATION SERVICES PVT LTD,Shrawasti - Bhinga,"25,000 - 30,000",Full Time Jobs,Not mentioned,"28 Apr 2025, 10:38 AM"
Rapido Is Hiring Delivery Boy Biker || Salary Upto 30000 ||,ROPPEN TRANSPORTATION SERVICES PVT LTD,"Hamirpur - Kuchecha, Manjhoopur Danda, Bhota, Rath + 1 more","25,000 - 30,000",Full Time Jobs,Not mentioned,"28 Apr 2025, 10:37 AM"
Rapido Is Hiring Delivery Boy Biker || Salary Upto 30000 ||,ROPPEN TRANSPORTATION SERVICES PVT LTD,"Chandauli - Dulhipur, Katsila, Madhopur, Majhwar Khas + 1 more","25,000 - 30,000",Full Time Jobs,Not mentioned,"28 Apr 2025, 10:37 AM"
Rapido Is Hiring Delivery Boy Biker || Salary Upto 30000 ||,ROPPEN TRANSPORTATION SERVICES PVT LTD,"Sambhal - Bahjoi, Pathra, Sarai Tarin","25,000 - 30,000",Full Time Jobs,Not mentioned,"28 Apr 2025, 10:37 AM"
Rapido Is Hiring Delivery Boy Biker || Salary Upto 30000 ||,ROPPEN TRANSPORTATION SERVICES PVT LTD,"Lakhimpurkheri - Behajam Road, Bahadur Nagar, Mohammadi, Gola Gokaran Nath + 1 more","25,000 - 30,000",Full Time Jobs,Not mentioned,"28 Apr 2025, 10:37 AM"
Rapido Is Hiring Delivery Boy Biker || Salary Upto 30000 ||,ROPPEN TRANSPORTATION SERVICES PVT LTD,"Mehsana - Jotana, Motap, Unjha-Mehsana Road, Virat Nagar Society + 1 more","25,000 - 30,000",Full Time Jobs,Not mentioned,"28 Apr 2025, 10:37 AM"
Rapido Is Hiring Delivery Boy Biker || Salary Upto 30000 ||,ROPPEN TRANSPORTATION SERVICES PVT LTD,"Hanumangarh - Canal Colony, Sindhi colony, Town - Junction Road, Makkasar + 1 more","25,000 - 30,000",Full Time Jobs,Not mentioned,"28 Apr 2025, 10:37 AM"
Rapido Is Hiring Delivery Boy Biker || Salary Upto 30000 ||,ROPPEN TRANSPORTATION SERVICES PVT LTD,"Jhargram - Raghunathpur, Putuchowdhury Colony, Sarada Vidyapith, Old Jhargram + 1 more","25,000 - 30,000",Full Time Jobs,Not mentioned,"28 Apr 2025, 10:37 AM"
Rapido Is Hiring Delivery Boy Biker || Salary Upto 30000 ||,ROPPEN TRANSPORTATION SERVICES PVT LTD,"Santkabirnagar - Rustampur, Menhdawal, khalilabad","25,000 - 30,000",Full Time Jobs,Not mentioned,"28 Apr 2025, 10:37 AM"
Rapido Is Hiring Delivery Boy Biker || Salary Upto 30000 ||,ROPPEN TRANSPORTATION SERVICES PVT LTD,"Ramanagaram - Bolappanahalli, Byramangala, Channapatna, Gowdagere + 1 more","25,000 - 30,000",Full Time Jobs,Not mentioned,"28 Apr 2025, 10:37 AM"
Rapido Is Hiring Delivery Boy Biker || Salary Upto 30000 ||,ROPPEN TRANSPORTATION SERVICES PVT LTD,"Amethi - Musafirkhana, Nasirabad, Korwa, Parhari + 1 more","25,000 - 30,000",Full Time Jobs,Not mentioned,"28 Apr 2025, 10:37 AM"
Rapido Is Hiring Delivery Boy Biker || Salary Upto 30000 ||,ROPPEN TRANSPORTATION SERVICES PVT LTD,"Purbamedinipur - Serpur, Purushottampur, Sutahata, New Digha + 1 more","25,000 - 30,000",Full Time Jobs,Not mentioned,"28 Apr 2025, 10:36 AM"
Rapido Is Hiring Delivery Boy Biker || Salary Upto 30000 ||,ROPPEN TRANSPORTATION SERVICES PVT LTD,"Mahendragarh - Narnaul, Baba Jagram Das Colony, Paiga, Kheri Talwana + 1 more","25,000 - 30,000",Full Time Jobs,Not mentioned,"28 Apr 2025, 10:36 AM"
Rapido Is Hiring Delivery Boy Biker || Salary Upto 30000 ||,ROPPEN TRANSPORTATION SERVICES PVT LTD,"Bagpat - Khekra, Doula, Niwara Road, Old Town + 1 more","25,000 - 30,000",Full Time Jobs,Not mentioned,"28 Apr 2025, 10:36 AM"
Rapido Is Hiring Delivery Boy Biker || Salary Upto 30000 ||,ROPPEN TRANSPORTATION SERVICES PVT LTD,"Mahoba - Rath Road, Makaniya Purva","25,000 - 30,000",Full Time Jobs,Not mentioned,"28 Apr 2025, 10:33 AM"
Rapido Is Hiring Delivery Boy Biker || Salary Upto 30000 ||,ROPPEN TRANSPORTATION SERVICES PVT LTD,"Kaushambi - Chail, Kasenda, Bharwari, Manjhanpur + 1 more","25,000 - 30,000",Full Time Jobs,Not mentioned,"28 Apr 2025, 10:33 AM"
Car driver,Not mentioned,"Girsomnath - Prabhas Patan, Veraval","17,000 - 18,000",Full Time Jobs,Not mentioned,"28 Apr 2025, 10:29 AM"
Driver needed for 9am to 6pm.Permanent job.,Not mentioned,"Durgapur - Benachity, A-Zone, City Center, Ambuja","9,500 - 10,000",Full Time Jobs,Driver needed for 9am to 6pm.Permanent job.,"28 Apr 2025, 10:08 AM"
Driver- 3-wheeler and 4-wheeler,Ours Scrap and Services,"Udupi - Korangrapady, Manipal, Santhekatte, Malpe + 1 more","10,000 - 17,000",Full Time Jobs,Driver- 3-wheeler and 4-wheeler,"27 Apr 2025, 11:57 AM"
Cab Driver - Himalaya Cab - Dharamshala Taxi service,HIMALAYA CAB,"Dharamshala - Palampur Dharamshala Highway, Shyam Nagar, McLeod Ganj, Dari + 1 more","15,000 - 20,000",Full Time Jobs,Cab Driver - Himalaya Cab - Dharamshala Taxi service,"26 Apr 2025, 09:50 PM"
Driver thiruvarur city,Not mentioned,"Thiruvarur - Edaiyur, Pulivalam","20,000 - 21,000",Full Time Jobs,Driver thiruvarur city,"26 Apr 2025, 02:45 PM"
CRANE OPERATOR,SMP INFRASTRUCTURE PVT LTD,Bharuch - Dahej,"23,000 - 24,000",Full Time Jobs,CRANE OPERATOR,"26 Apr 2025, 09:32 AM"
Driving license,Not mentioned,"Cuddalore - Kullanchavadi, Allapakkam, Vadalur, Vadakuthu + 1 more","20,000 - 30,000",Full Time Jobs,Driving license,"25 Apr 2025, 08:33 PM"
Driver skil,Not mentioned,"Panipat - 25 Sector Part 2, Assandh road","10,000 - 11,000",Full Time Jobs,Driver skil,"25 Apr 2025, 10:11 AM"
Hevi driver,Not mentioned,Kannur - Alakode,"25,000 - 26,000",Full Time Jobs,Hevi driver,"25 Apr 2025, 09:13 AM"
Privat driver,volo pvt,Noida - Sector-121,"17,000 - 18,000",Full Time Jobs,Privat driver,"24 Apr 2025, 01:25 PM"
Driver for Ola Uber,Not mentioned,"Bhubaneswar - Palasuni, Acharya Vihar","12,000 - 13,000",Full Time Jobs,Driver for Ola Uber,"22 Apr 2025, 10:39 PM"
Driver for My Cab,Not mentioned,"Bhubaneswar - Palasuni, Bomikhal","12,000 - 15,000",Full Time Jobs,Driver for My Cab,"22 Apr 2025, 10:30 PM"
Eicher driver,Not mentioned,"Pithampur - Jai Nagar Colony, HB Colony, Pithapuram Samalkot Road","15,000 - 17,000",Full Time Jobs,Eicher driver,"22 Apr 2025, 12:05 PM"
Driver Job,Not mentioned,"Kharagpur - Kalaikunda, Kharagpur, Nimpura, Malancha Road + 1 more","18,000 - 20,000",Full Time Jobs,Driver Job,"22 Apr 2025, 11:18 AM"
Heavy vechile truck driver needed,Not mentioned,Chennai - Perambur,"20,000 - 21,000",Full Time Jobs,Heavy vechile truck driver needed,"22 Apr 2025, 10:26 AM"
HIRING FOR DRIVERS FOR HYD LOCATION || UP TO 30K,SRINIKA TOURS AND TRAVELS,"Anantapur - Adarsh Nagar, DR Colony, Gooty, Kalyandurgam Road + 1 more","25,000 - 30,000",Full Time Jobs,HIRING FOR DRIVERS FOR HYD LOCATION || UP TO 30K,"21 Apr 2025, 07:14 PM"
Driver I know English Hindi Assamese Nepali I have been driving car since 2012 I got good knowledge about car and bike also I have driving licence al,Not mentioned,Goalpara - Balijan,"20,000 - 20,000",Full Time Jobs,Driver I know English Hindi Assamese Nepali I have been driving car since 2012 I got good knowledge about car and bike also I have driving licence al,"21 Apr 2025, 04:23 PM"
Only driver,Not mentioned,"Bhadrak - Charampa, Basudebpur","20,000 - 21,000",Full Time Jobs,Only driver,"21 Apr 2025, 02:43 PM"
Car driver,Not mentioned,"Haveri - Savanur, Shiggaon, Lakamapur, Haveri road + 1 more","25,000 - 50,000",Full Time Jobs,Car driver,"21 Apr 2025, 02:21 PM"
Full time driver for local,Not mentioned,"Mohali - Sector 79, Airport Road","15,000 - 16,000",Full Time Jobs,Full time driver for local,"21 Apr 2025, 11:39 AM"
Light driver,Not mentioned,"Azamgarh - Phulpur, Bilariyaganj, Civil Line, Hafizpur + 1 more","25,000 - 26,000",Full Time Jobs,Light driver,"21 Apr 2025, 10:46 AM"
Good barking,Not mentioned,Bagalkot - Mudhol,"28,500 - 29,500",Full Time Jobs,Good barking,"21 Apr 2025, 10:26 AM"
Driver job for beawar,Not mentioned,"Beawar - NH-8, Jaliya Road","15,000 - 16,000",Full Time Jobs,Driver job for beawar,"21 Apr 2025, 10:22 AM"
TATA ACE GOLD TEMPO DRIVER,TEJASVI TRANSPORT,Mumbai - Malad East,"12,000 - 15,000",Full Time Jobs,TATA ACE GOLD TEMPO DRIVER,"20 Apr 2025, 10:46 AM"
Driver/Delivery Executive Needed in Transport Company,Proper Express,"Ambikapur - Bramha Path, Mahamaya Road, Namnakala, Chandini Chowk + 1 more","8,000 - 12,000",Full Time Jobs,Driver/Delivery Executive Needed in Transport Company,"19 Apr 2025, 11:21 AM"
Four willer,Not mentioned,Baran - Atru,"20,000 - 21,000",Full Time Jobs,Four willer,"19 Apr 2025, 10:56 AM"
Driver,Not mentioned,"Bhagalpur - Kahalgaon, Sabour","10,000 - 11,000",Full Time Jobs,Not mentioned,"19 Apr 2025, 09:33 AM"
Urgent Hiring BluSmart Drivers Needed In Bangalore,BLU-SMART FLEET PRIVATE LIMITED,"Bangalore - Ambalipura Sarjapur Road, Ananth Nagar Phase 1, Attibele, BEL Layout + 1 more","25,000 - 26,000",Full Time Jobs,Not mentioned,"18 Apr 2025, 10:24 AM"
Driver for TATA ACE,Not mentioned,"Mumbai - Vasai East, Nalasopara East, Virar East","13,000 - 15,000",Full Time Jobs,Not mentioned,"17 Apr 2025, 11:26 AM"
Car driver,Not mentioned,"Ballia - Civil Line, Hanumanganj, Belthara Road, Sikandarpur + 1 more","8,000 - 8,500",Full Time Jobs,Not mentioned,"17 Apr 2025, 10:31 AM"
Road Sweeper Truck Driver,Tirth Hygiene Technology Pvt Ltd,Bangalore - Sarjapur Attibele Road,"24,000 - 25,000",Full Time Jobs,"Driver - Heavy-Vehicle-Driver, Truck-driver","17 Apr 2025, 07:05 AM"
Driver Sales&Service,Harsha Toyota,"Chennai - Avadi, Maduravoyal, Pattabiram, Ambattur + 1 more","15,000 - 15,000",Full Time Jobs,"Driver - Company-driver, Commercial-Transport-Driver, Others, Taxi-driver","16 Apr 2025, 06:37 PM"
Required candidate in Navsari city for driver role.,Not mentioned,"Navsari - Chikhli, Italva, Degam, Endhal + 1 more","20,000 - 21,000",Full Time Jobs,Not mentioned,"16 Apr 2025, 01:06 PM"
Driver Car,Not mentioned,"Phagwara - Adarsh Nagar, Hadiabad","15,000 - 16,000",Full Time Jobs,Not mentioned,"16 Apr 2025, 12:24 PM"
Driver For Tata Ace,Not mentioned,"Vasaivirar - Evershine City, Achole Road, Ambadi Road, Waliv","13,000 - 15,000",Full Time Jobs,Not mentioned,"16 Apr 2025, 12:23 PM"
Urgent Hiring For Electric Cab Driver Blu-Smart in Bangalore,BLU-SMART FLEET PRIVATE LIMITED,"Bangalore - Chinnakurchi, D Group Employees Layout, Dinnur, Doddakallasandra + 1 more","25,000 - 30,000",Full Time Jobs,"Driver - Company-driver, Private-Driver, Commercial-Transport-Driver, Interstate-Driver + 10 more","15 Apr 2025, 06:07 PM"
Wanted Electric Taxi Driver for BluSmart Immediate Joining In Delhi,BLU-SMART FLEET PRIVATE LIMITED,"Delhi - J Block, Jal Vihar, Kalkaji, Khan Market + 1 more","25,000 - 30,000",Full Time Jobs,Driver,"15 Apr 2025, 06:06 PM"
"Join BluSmart Drive Electric, Earn More in Bangalore",BLU-SMART FLEET PRIVATE LIMITED,"Bangalore - Chadalapura, Dasanapura, HBR Layout, Hormavu + 1 more","25,000 - 30,000",Full Time Jobs,"Driver - Company-driver, Private-Driver, Commercial-Transport-Driver, Interstate-Driver + 10 more","15 Apr 2025, 06:03 PM"
Raipur city for drivar,Not mentioned,"Dhamtari - Gujrati Colony, Bhakhara, Itwari Bazar, Subhash Nagar + 1 more","18,000 - 19,000",Full Time Jobs,Not mentioned,"14 Apr 2025, 10:16 PM"
Sales and marketing,Not mentioned,Ramachandrapuram - Ratnampeta,"10,000 - 11,000",Full Time Jobs,Driver,"12 Apr 2025, 02:27 PM"
Tata AC lod vacancy,Not mentioned,"Virudhunagar - RR Nagar, Kakkivadanpatti, Kariapatti, Amathur + 1 more","40,000 - 41,000",Full Time Jobs,Driver,"11 Apr 2025, 05:29 AM"
Driver Wanted - Capable of Driving Auto & Car - Location-Virudhunagar Only - Contact No 9894058602,Vanniaperumal S,"Virudhunagar - NGO Colony, Pandian Nagar, Lakshmi Nagar, GT Nagar + 1 more","15,000 - 18,000",Full Time Jobs,Driver,"11 Apr 2025, 05:22 AM"
Heavy driver,Not mentioned,Jind - Pilu Khera,"22,000 - 23,000",Full Time Jobs,Driver,"09 Apr 2025, 11:16 AM"
Driver needed,Not mentioned,Karaikudi - Kalanivasal,"10,000 - 11,000",Full Time Jobs,Driver,"08 Apr 2025, 10:08 AM"
Aeg-20 my first choice driver,Not mentioned,"Bhagalpur - Pirpainti, Ekchari, Kahalgaon","15,500 - 16,500",Full Time Jobs,Driver,"08 Apr 2025, 06:20 AM"
Required driver for school van Winger,Not mentioned,Angul - Turanga,"6,000 - 8,000",Full Time Jobs,Driver,"07 Apr 2025, 05:03 PM"
Driver Job In PANCHKULA,Not mentioned,Panchkula - Shiv Colony,"16,000 - 21,000",Full Time Jobs,Driver,"07 Apr 2025, 10:22 AM"
BluSmart is Looking for Professional Drivers Apply Now In Delhi,BLU-SMART FLEET PRIVATE LIMITED,"Delhi - Abul Fazal Enclave, Adhyapak Nagar, Anand Parbat, Azad Market + 1 more","25,000 - 30,000",Full Time Jobs,Driver,"07 Apr 2025, 10:17 AM"
"Driver Required in Robertsganj, Sonbhadra",Not mentioned,Sonbhadra - Robertganj,"5,000 - 10,000",Full Time Jobs,Driver - Private-Driver,"06 Apr 2025, 08:35 PM"
Driver all bagalkot site,Not mentioned,"Bagalkot - Jamkhandi, Jamkhandi Road","20,000 - 21,000",Full Time Jobs,Driver,"05 Apr 2025, 04:44 PM"
"Car, Bas driver",Not mentioned,Banda - Indira Nagar,"20,000 - 21,000",Full Time Jobs,Driver,"05 Apr 2025, 12:06 PM"
Join BluSmart As Driver Indias Leading Electric Cab Service In Bangalore,BLU-SMART FLEET PRIVATE LIMITED,"Bangalore - Attiguppe, BK Nagar, Banaswadi, Vijaya Nagar + 1 more","25,000 - 30,000",Full Time Jobs,"Driver - Company-driver, Private-Driver, Commercial-Transport-Driver, Interstate-Driver + 10 more","05 Apr 2025, 10:18 AM"
Join BluSmart As Driver Indias Leading Electric Cab Service In Delhi,BLU-SMART FLEET PRIVATE LIMITED,"Delhi - Ghevra, Goyla Dairy, Halalpur, Hudson Lane + 1 more","25,000 - 30,000",Full Time Jobs,"Driver - Company-driver, Private-Driver, Commercial-Transport-Driver, Interstate-Driver + 10 more","05 Apr 2025, 10:08 AM"
Electric Vehicle Drivers Wanted Join BluSmart In Delhi,BLU-SMART FLEET PRIVATE LIMITED,"Delhi - Jwala Puri, Khari Baoli, Lal Kuan, Madhu Vihar + 1 more","25,000 - 30,000",Full Time Jobs,"Driver - Company-driver, Private-Driver, Commercial-Transport-Driver, Interstate-Driver + 10 more","04 Apr 2025, 10:13 AM"
The starting noun,Not mentioned,Rayachoti - S.N Colony,"35,000 - 36,000",Full Time Jobs,Driver,"04 Apr 2025, 10:03 AM"
Driver Revenue Sharing Scheme,Everest Fleet Pvt.Ltd,"Chennai - Choolaimedu High Road, Choolaimedu, Radha Nagar-Chromepet, Egmore + 1 more","28,000 - 30,000",Full Time Jobs,"Driver - Truck-driver, Taxi-driver, Taxi/Cab","03 Apr 2025, 06:09 PM"
Commercial Driver,Not mentioned,"Kanyakumari - Nagercoil, Putheri, Thovalai, Thittu Vilai + 1 more","10,000 - 17,000",Full Time Jobs,Driver,"03 Apr 2025, 10:46 AM"
Requirements for two -wheeler and four wheeler drivers,3CAS logistics solutions Pvt ltd (Pickkup),"Mohali - Industrial Area, Phase 8, Phase 8B","18,000 - 20,000",Full Time Jobs,Driver,"03 Apr 2025, 08:17 AM"
Wanted Electric Cab Driver - BluSmart In Delhi,BLU-SMART FLEET PRIVATE LIMITED,"Delhi - Balbir Nagar, Azad Nagar, Ballabgarh, Bhajanpura + 1 more","25,000 - 30,000",Full Time Jobs,"Driver - Company-driver, Private-Driver, Commercial-Transport-Driver, Interstate-Driver + 10 more","02 Apr 2025, 10:25 AM"
Hiring Electric Cab Drivers for BluSmart Apply Now In Delhi,BLU-SMART FLEET PRIVATE LIMITED,"Delhi - Bamnoli, Ansari Nagar, Block E, Daya Basti + 1 more","25,000 - 30,000",Full Time Jobs,"Driver - Company-driver, Private-Driver, Commercial-Transport-Driver, Interstate-Driver + 10 more","02 Apr 2025, 10:25 AM"
Hiring Electric Cab Drivers for BluSmart Apply Now In Bangalore,BLU-SMART FLEET PRIVATE LIMITED,"Bangalore - Anand Nagar, Ashta Laxmi Layout, Azad Nagar, BTM Layout 1st Stage + 1 more","25,000 - 30,000",Full Time Jobs,"Driver - Company-driver, Private-Driver, Commercial-Transport-Driver, Interstate-Driver + 10 more","02 Apr 2025, 10:24 AM"
4 wheeler Driver,Kay Bee Bio Organics Pvt Ltd,Phaltan - Dahiwadi Phaltan Road,"1,000 - 15,000",Full Time Jobs,"Driver - Company-driver, Private-Driver, Taxi-driver, Taxi/Cab","02 Apr 2025, 09:39 AM"
Drive with BluSmart Earn Big with EV Cabs In Bangalore,BLU-SMART FLEET PRIVATE LIMITED,"Bangalore - Mysore Road, LB Shastri Nagar, Madivala, Kalyan Nagar + 1 more","25,000 - 30,000",Full Time Jobs,"Driver - Company-driver, Private-Driver, Commercial-Transport-Driver, Interstate-Driver + 10 more","01 Apr 2025, 11:02 AM"
Need a private driver for commercial and personal use,Not mentioned,Rishikesh - Chauda Bigha,"8,000 - 11,000",Full Time Jobs,Driver,"31 Mar 2025, 11:23 AM"
Driver Required for School Kids Cab Pick & Drop,Lohia Cabs,"Delhi - Ghitorni, Sultanpur, AIIMS, Chhatarpur","10,000 - 11,000",Part Time Jobs,Driver - School-Bus-Driver,"30 Mar 2025, 11:58 AM"
HIRING FOR DRIVERS FOR HYD LOCATION || UP TO 30K,SRINIKA TOURS AND TRAVELS,"Chittoor - Madhavamala, C Ramapuram, Kadirimangalam, Kuppam + 1 more","25,000 - 30,000",Full Time Jobs,"Driver - Company-driver, Private-Driver, Commercial-Transport-Driver, Interstate-Driver + 10 more","29 Mar 2025, 05:00 PM"
Cab Driver for School Kids,Not mentioned,"Delhi - Ghitorni, Sultanpur, Arjan Garh, Chhatarpur","10,000 - 11,000",Full Time Jobs,Driver,"29 Mar 2025, 01:09 PM"
company Driver,Koshal Builders Pvt Ltd,Sambalpur - Khetrajpur,"1,500 - 25,000",Full Time Jobs,"Driver - Company-driver, Private-Driver, Company-driver","26 Mar 2025, 10:53 AM"
Car driver,Not mentioned,Rajannasircilla - Shanti Nagar,"18,000 - 20,000",Full Time Jobs,Driver,"25 Mar 2025, 10:16 AM"
Pickup Driver,Not mentioned,Sitamarhi - Pupri,"10,000 - 11,000",Full Time Jobs,Driver,"24 Mar 2025, 12:34 PM"
Cab Drivers Needed at Everest Fleet,Everest Fleet Pvt.Ltd,"Bangalore - Bagalur Sarjapur Road, Bellandur Outer Ring Road, Bande Bommasandra, Madiwala + 1 more","35,000 - 40,000",Full Time Jobs,"Driver - Truck-driver, Taxi-driver, Taxi/Cab","24 Mar 2025, 10:17 AM"
Electric Cab Drivers Wanted Join BluSmart Today In Bangalore,BLU-SMART FLEET PRIVATE LIMITED,"Bangalore - Doddakallasandra, Puttenahalli, Konanakunte, Yelachenahalli + 1 more","25,000 - 30,000",Full Time Jobs,"Driver - Company-driver, Private-Driver, Commercial-Transport-Driver, Interstate-Driver + 10 more","24 Mar 2025, 10:15 AM"
Best car drive,Not mentioned,Durg - Durg Dhamdha Road,"20,000 - 28,000",Full Time Jobs,Driver,"24 Mar 2025, 09:01 AM"
Taxi driver,Not mentioned,Dharamshala - Naddi,"5,000 - 5,500",Full Time Jobs,Driver,"23 Mar 2025, 05:41 PM"
Good Behave Driver Required,Iconic Travel,Greaternoida - Full City,"12,000 - 16,000",Full Time Jobs,"Driver - Commercial-Transport-Driver, Taxi-driver, Taxi/Cab","22 Mar 2025, 04:40 PM"
Bolero pickup driver required.,Not mentioned,"Khordha - Begunia, Sarua","14,000 - 18,000",Full Time Jobs,Driver,"21 Mar 2025, 12:09 PM"
Drive in pali,Not mentioned,Pali - Keshav Nagar,"18,000 - 19,000",Full Time Jobs,Driver,"21 Mar 2025, 09:04 AM"
Wanted Drivers,Not mentioned,Sangareddy - Pothireddypalli,"20,000 - 25,000",Full Time Jobs,Driver,"20 Mar 2025, 04:30 PM"
Driver required urgent,Not mentioned,Uranislampur - Indira Colony,"11,000 - 12,000",Full Time Jobs,Driver,"19 Mar 2025, 10:53 AM"
URGENT HIRING FOR AMBULANCE DRIVERS,VMEDO,"Bangalore - Yelahanaka, Infantry Road, Dasanayakanahalli, Dobbaspet","18,000 - 20,000",Full Time Jobs,Driver - Ambulance-Driver,"19 Mar 2025, 10:31 AM"
Driver job,Not mentioned,"Mohali - Industrial Area Mohali Phase 9, Kharar","8,000 - 12,000",Full Time Jobs,Driver,"17 Mar 2025, 08:22 PM"
driver in rishikesh,Rudrakeshri Advisory pvt ltd,Rishikesh - IDPL Colony,"10,000 - 12,000",Full Time Jobs,"Driver - Company-driver, Interstate-Driver, Others, E-Rickshaw-Driver","17 Mar 2025, 03:41 PM"
Car driver,Not mentioned,Rupnagar - Nangal,"12,000 - 20,000",Full Time Jobs,Driver,"17 Mar 2025, 09:16 AM"
Porsnal driver,Not mentioned,"Kaushambi - Chail, Manjhanpur, Bharwari, Sirathu + 1 more","18,000 - 19,000",Full Time Jobs,Driver,"15 Mar 2025, 06:01 PM"
Cab Drivers Needed at Everest Fleet,Everest Fleet Pvt.Ltd,"Bangalore - Banashankari 1st Stage, Bannerghatta Road, Ashok Nagar, Bommanahalli + 1 more","35,000 - 40,000",Full Time Jobs,"Driver - Truck-driver, Taxi-driver, Taxi/Cab","15 Mar 2025, 10:37 AM"
"driver cum assiastance , marketing person and warehouse boy",Crafts supermarts,Bhubaneswar - BJB Nagar,"9,000 - 10,000",Full Time Jobs,Driver - Private-Driver,"13 Mar 2025, 07:33 AM"
Personal Driver,Not mentioned,Panvel - Takka Colony,"18,000 - 19,000",Full Time Jobs,Driver - Private-Driver,"12 Mar 2025, 09:17 PM"
Best caring car and comfort zone,Not mentioned,Jaora,"12,000 - 15,000",Full Time Jobs,Driver,"12 Mar 2025, 06:01 PM"
Driver need for tourists car,Not mentioned,Dombivli - Vishnu Nagar,"15,000 - 24,000",Full Time Jobs,Driver,"12 Mar 2025, 03:45 PM"
Truck driver,Not mentioned,"Baripada - Baghra Road, Bhanjpur, Murgabadi Golai, Khetrapatna + 1 more","10,000 - 11,000",Full Time Jobs,Driver,"11 Mar 2025, 07:29 PM"
Urgent Hiring Driver Part-Time Full-Time,JOBPOCKETS INFOTECH PVT.LTD,"Dausa - Agra - Jaipur Road, Bandikui, Housing Board Colony, Mehandipur + 1 more","20,000 - 35,000",Full Time Jobs,"Driver - Company-driver, Private-Driver, Commercial-Transport-Driver, Interstate-Driver + 10 more","10 Mar 2025, 05:06 PM"
Driver for family,Not mentioned,Dimapur - 4th Mile,"1,000 - 1,500",Full Time Jobs,Driver,"09 Mar 2025, 01:17 PM"
Driver candidate,Not mentioned,"Gopalganj - Sidhwalia, Bangra, Dhanauti","30,000 - 31,000",Full Time Jobs,Driver,"08 Mar 2025, 08:43 PM"
Limited Positions Drive with Everest Fleet and Earn More,Everest Fleet,Pune - Full City,"30,000 - 35,000",Full Time Jobs,"Driver - Taxi-driver, Taxi/Cab","06 Mar 2025, 05:20 PM"
Now Hiring Delivery Boys,MOTORAY MOBILITY PRIVATE LIMITED,"Delhi - Chattarpur, Chattarpur Enclave Phase 1, Chattarpur Enclave Phase 2, Chattarpur Extension + 1 more","12,000 - 15,000",Full Time Jobs,Driver - E-Rickshaw-Driver,"04 Mar 2025, 08:55 AM"
Dharmendra car driver ok,Not mentioned,"Dhar - Badnawar, Manawar","1,500 - 2,000",Full Time Jobs,Driver,"03 Mar 2025, 02:36 PM"
Tempo Traveller Driver,Rutuj Tours,"Pimprichinchwad - Bijlinagar, Akurdi","18,000 - 20,000",Full Time Jobs,"Driver - Commercial-Transport-Driver, Commercial-Transport-Driver","03 Mar 2025, 10:16 AM"
Wanted driver candidate will be apply only for Ambala Sadar,Not mentioned,"Ambalasadar - Nanhera, Kacha Bazar, Railway Colony, P & T Colony","8,000 - 12,000",Full Time Jobs,Driver,"20 Feb 2025, 10:15 AM"
Driver night shift call centre duty,Not mentioned,"Kalyan - Vijay Nagar, 100 Feet Road, Chakki Naka, Chinchpada Gaon + 1 more","18,000 - 20,000",Full Time Jobs,Driver,"12 Feb 2025, 05:10 PM"
ECCO driver,Not mentioned,Banaskantha - Palanpur,"19,000 - 20,000",Full Time Jobs,Driver,"05 Feb 2025, 11:57 AM"
Driver Leasing Scheme,Everest Fleet Pvt.Ltd,"Chennai - Annamalai Nagar-Avadi, Ayanavaram, Besant Nagar, Broadway Road + 1 more","28,000 - 30,000",Full Time Jobs,"Driver - Truck-driver, Taxi-driver, Taxi/Cab","05 Feb 2025, 10:05 AM"
Driver Leasing Scheme,Everest Fleet Pvt.Ltd,"Chennai - Adyar, Ambattur Industrial Estate, Ambattur, Aminjikarai + 1 more","28,000 - 30,000",Full Time Jobs,"Driver - Truck-driver, Taxi-driver, Taxi/Cab","05 Feb 2025, 10:03 AM"
Cab Drivers Needed at Everest Fleet,Everest Fleet Pvt.Ltd,"Bangalore - Banashankari, Ashok Nagar, Bommanahalli, Electronic City Phase I + 1 more","35,000 - 40,000",Full Time Jobs,"Driver - Truck-driver, Taxi-driver, Taxi/Cab","05 Feb 2025, 10:02 AM"
Drive to own,Everest Fleet Pvt.Ltd,"Chennai - Chetpet, Chitlapakkam, Choolai, Choolaimedu + 1 more","28,000 - 30,000",Full Time Jobs,"Driver - Truck-driver, Taxi-driver, Taxi/Cab","01 Feb 2025, 01:30 PM"
Drive to own,Everest Fleet Pvt.Ltd,"Chennai - Athipatttu, Ponneri, Pazhanthandalam, Gummudipoondi + 1 more","28,000 - 30,000",Full Time Jobs,"Driver - Truck-driver, Taxi-driver, Taxi/Cab","01 Feb 2025, 01:23 PM"
Urgently required CNG Leasing Scheme,Everest Fleet Pvt.Ltd,"Chennai - Arumbakkam, Ashok Nagar, Avadi, Chetpet + 1 more","28,000 - 30,000",Full Time Jobs,"Driver - Truck-driver, Taxi-driver, Taxi/Cab","01 Feb 2025, 01:22 PM"
Driver Leasing Scheme,Everest Fleet Pvt.Ltd,"Chennai - Adyar, Ambattur, Ambattur Industrial Estate, Aminjikarai + 1 more","28,000 - 30,000",Full Time Jobs,"Driver - Truck-driver, Taxi-driver, Taxi/Cab","01 Feb 2025, 01:16 PM"
Driver for line delivery with delivery associate,Not mentioned,"Virudhachalam - Sathamangalam, Periyar Nagar, Salem Bypass Road, Mathur","15,000 - 16,000",Full Time Jobs,Driver,"31 Jan 2025, 06:09 PM"
Now Hiring Cab Drivers for Everest Fleet.,Everest Fleet Pvt.Ltd,"Mumbai - Colaba, Worli, Dadar, Prabhadevi + 1 more","30,000 - 35,000",Full Time Jobs,"Driver - Truck-driver, Taxi-driver, Taxi/Cab","21 Jan 2025, 10:12 AM"
Limited Positions Drive with Everest Fleet and Earn More,Everest Fleet Pvt.Ltd,"Kolkata - Beniapukur, Ballygunge, Gariahat, Lake Gardens + 1 more","30,000 - 35,000",Full Time Jobs,"Driver - Truck-driver, Taxi-driver, Taxi/Cab","18 Jan 2025, 09:54 AM"
Driver local,Not mentioned,"Modinagar - Bhrampuri, Modinagar","16,000 - 17,000",Full Time Jobs,Driver,"09 Jan 2025, 04:23 PM"
Driver driver driver driver driver driver driver driver Driver,Not mentioned,Gadwal - Bheem Nagar,"20,000 - 21,000",Full Time Jobs,Driver,"31 Dec 2024, 09:16 AM"
Driver job,Not mentioned,Budgam - Ompura,"13,000 - 15,000",Full Time Jobs,Driver,"28 Dec 2024, 10:12 PM"
Driving student,Not mentioned,"Narsinghpur - Gotegaon, Samnapur, Kandeli, Gadarwara + 1 more","10,000 - 11,000",Full Time Jobs,Driver,"26 Dec 2024, 12:21 PM"
urgent hiring for cab driver,Everest Fleet Pvt.Ltd,"Bangalore - Banashankari, Ashok Nagar, Bommanahalli, Basavanagudi + 1 more","35,000 - 40,000",Full Time Jobs,"Driver - Truck-driver, Taxi-driver, Taxi/Cab","17 Dec 2024, 10:14 AM"
Driver urgent,Not mentioned,Paradip - Kujang,"16,000 - 17,000",Full Time Jobs,Driver,"13 Dec 2024, 05:28 PM"
3 WHEELER DRIVER FOR DILEVERY,QUICK HAUL TRANSPORT PVT LTD,Delhi - Mayur Vihar Phase 1,"15,000 - 16,000",Full Time Jobs,Driver,"05 Dec 2024, 03:25 PM"
truck driver,transport,Loni - New Vikash Nagar,"15,000 - 20,000",Full Time Jobs,"Driver - Heavy-Vehicle-Driver, Truck-driver","29 Nov 2024, 10:45 AM"
"Full-time, food shelter",Not mentioned,Rayachoti - S.N Colony,"15,000 - 20,000",Full Time Jobs,Driver,"27 Nov 2024, 02:49 PM"
URGENTLY HIRING FOR DRIVER IN ABROAD,abroad wayy immigration,Canada,"70,000 - 80,000",Work Abroad,Driver,"21 Nov 2024, 02:03 PM"
Driver for tata ace,Not mentioned,"Bangalore - Banashankari 2nd Stage, Uttarahalli Main Road, Padmanabhanagar","8,000 - 8,500",Full Time Jobs,Driver,"11 Nov 2024, 09:56 AM"
Company Driver,Krishna Rajaram Ashtekar Jewellers (KRA),"Pune - Tilak Road, Magarpatta","18,500 - 22,000",Full Time Jobs,"Driver - Company-driver, Private-Driver","08 Nov 2024, 10:06 AM"
Car Driver,Not mentioned,Hyderabad - Moosapet,"18,000 - 23,000",Full Time Jobs,"Driver - Company driver, Private Driver","03 May 2025, 04:12 PM"
Wanted Cab Driver for BluSmart EV in Delhi,BLU-SMART FLEET PRIVATE LIMITED,"Delhi - Bank Enclave, Budella, Chaukhandi, Dasghara + 2 more","25,000 - 30,000",Full Time Jobs,"Driver - Company-driver, Private-Driver, Commercial-Transport-Driver, Interstate-Driver + 10 more","03 May 2025, 03:10 PM"
Drive Electric with BluSmart Secure Your Job Now In Bangalore,BLU-SMART FLEET PRIVATE LIMITED,"Bangalore - Devanahalli, Katamnallur, Dabaspete, Jigani + 1 more","25,000 - 30,000",Full Time Jobs,"Driver - Company-driver, Private-Driver, Commercial-Transport-Driver, Interstate-Driver + 10 more","03 May 2025, 11:02 AM"
Experienced Car driver required,Not mentioned,"Bangalore - Vijaya Nagar, Nagarbhavi Circle, Hampi Nagar, Mallathahalli","20,000 - 22,000",Full Time Jobs,Driver,"03 May 2025, 10:13 AM"
Limited Vacancies for Cab Drivers at Everest Fleet,Everest Fleet Pvt.Ltd,"Delhi - Sewa Nagar, Nehru Nagar, Prem Nagar, Gandhi Nagar + 1 more","25,000 - 30,000",Full Time Jobs,"Driver - Truck-driver, Taxi-driver, Taxi/Cab","02 May 2025, 07:20 PM"
service centre driver required in chennai.,Not mentioned,Chennai - Ambattur,"20,000 - 45,000",Full Time Jobs,Driver - Company driver,"02 May 2025, 05:40 PM"
"Taxi driver required to drive Red taxi, ola , rapido with attractive salary",Not mentioned,Chennai - Kolapakkam,"25,000 - 30,000",Full Time Jobs,Driver - Taxi driver,"02 May 2025, 05:36 PM"
Wanted Driver for IT companies,Not mentioned,"Chennai - Madipakkam, Velachery, Nangainallur, Pallikaranai + 1 more","25,000 - 30,000",Full Time Jobs,Driver,"02 May 2025, 02:56 PM"
Drivers wanted for a Senior Advocate Office in Chennai Mogappair,Not mentioned,"Chennai - Ambattur, Poonamallee, Porur, Mogappair West","15,000 - 18,000",Full Time Jobs,Driver - Private Driver,"02 May 2025, 02:51 PM"
Immediate hiring for driversBadge Compulsory,Not mentioned,"Bangalore - Malleswaram West, Hebbal, Yelahanka, Hennur","15,400 - 32,000",Full Time Jobs,Driver,"02 May 2025, 12:39 PM"
Driver wanted,Not mentioned,Coimbatore - Ramanathapuram,"15,000 - 16,000",Full Time Jobs,Driver,"02 May 2025, 11:06 AM"
Commercial Driver,SR Beverages,"Hyderabad - Malkajgiri, Durga Nagar-Malkajgiri","15,000 - 18,000",Full Time Jobs,"Driver - Company-driver, Commercial-Transport-Driver","02 May 2025, 10:36 AM"
Chauffeur Driver,Elitebutlers,Mumbai - Tardeo,"25,000 - 35,000",Full Time Jobs,"Driver - Company-driver, Private-Driver","02 May 2025, 10:35 AM"
WANTED DRIVER,Not mentioned,Chennai - Thirumullaivoyal,"53,000 - 60,000",Full Time Jobs,Driver,"02 May 2025, 10:35 AM"
WANTED DRIVER,Not mentioned,Chennai - Alwarpet,"52,000 - 60,000",Full Time Jobs,Driver,"02 May 2025, 10:29 AM"
Office Car driver,NuPrint Ltd,Bangalore - Koramangala 1st Block,"40,000 - 50,000",Full Time Jobs,Driver - Company-driver,"02 May 2025, 10:27 AM"
URGENT HIRING FOR DRIVER IN ABROAD,Not mentioned,"Kochi - Alangad, Airapuram, Alinchuvadu, Balakrishna Menon Road + 1 more","80,000 - 90,000",Full Time Jobs,Driver - Company-driver,"01 May 2025, 10:54 PM"
HIRING FOR DRIVERS FOR HYD LOCATION || UP TO 30K,SRINIKA TOURS AND TRAVELS,"Bhubaneswar - Acharya Vihar, Ag Colony, Andharua, Badagada + 1 more","25,000 - 30,000",Full Time Jobs,Driver - Taxi/Cab,"01 May 2025, 06:21 PM"
Join BluSmart as a Driver Start Earning Now In Delhi,BLU-SMART FLEET PRIVATE LIMITED,"Delhi - Andheria Mor Village, Bhogal, Deenpur, Ganesh Nagar + 1 more","25,000 - 30,000",Full Time Jobs,"Driver - Company-driver, Private-Driver, Commercial-Transport-Driver, Interstate-Driver + 10 more","01 May 2025, 07:36 AM"
Electric Auto Driver and Delivery Executive,Ruchak Snacks,Bhubaneswar - Mancheswar Industrial Estate,"17,000 - 18,000",Full Time Jobs,Driver - E-Rickshaw-Driver,"01 May 2025, 03:45 AM"
Join BluSmart as a Driver Start Earning Now In Gurgaon,BLU-SMART FLEET PRIVATE LIMITED,"Gurgaon - Baliawas, Baldev Nagar, Bajghera, Bandhwari + 1 more","25,000 - 30,000",Full Time Jobs,Driver,"30 Apr 2025, 01:40 PM"
Cab Driver,Unified It Services Pvt. Ltd,Hyderabad - Saidabad,"18,000 - 20,000",Full Time Jobs,Driver,"30 Apr 2025, 01:23 PM"
HIRING FOR DRIVERS FOR HYD LOCATION || UP TO 30K,SRINIKA TOURS AND TRAVELS,Mumbai - Full City,"25,000 - 30,000",Full Time Jobs,Driver,"30 Apr 2025, 11:15 AM"
HIRING FOR DRIVERS FOR HYD LOCATION || UP TO 30K,SRINIKA TOURS AND TRAVELS,"Bhimavaram - Balusumoodi, Housing Board Colony, Narasayyaagraharam, Srirampuram + 1 more","25,000 - 30,000",Full Time Jobs,Driver - Taxi/Cab,"30 Apr 2025, 11:00 AM"
WANTED DRIVER,Not mentioned,Chennai - Medavakkam,"53,000 - 60,000",Full Time Jobs,Driver,"30 Apr 2025, 10:14 AM"
WANTED DRIVER,Not mentioned,Chennai - Palavakkam,"52,000 - 60,000",Full Time Jobs,Driver,"30 Apr 2025, 10:10 AM"
Car driver,Not mentioned,"Rewari - Brass Market, Bhakti Nagar, Anand Nagar, Gokalgarh + 1 more","23,000 - 30,000",Full Time Jobs,Driver,"29 Apr 2025, 04:23 PM"
Join BluSmart as a Driver Start Earning Now In Noida,BLU-SMART FLEET PRIVATE LIMITED,"Noida - Khora Colony, Jhundpura, Kakrala, Momnathal + 1 more","25,000 - 30,000",Full Time Jobs,Join BluSmart as a Driver Start Earning Now In Noida,"29 Apr 2025, 03:09 PM"
Wanted Electric Taxi Driver for BluSmart Immediate Joining in Bangalore,BLU-SMART FLEET PRIVATE LIMITED,"Bangalore - A Dasarahalli, Achit Nagar, Attukal Layout, Bapagrama + 1 more","25,000 - 30,000",Full Time Jobs,Wanted Electric Taxi Driver for BluSmart Immediate Joining in Bangalore,"29 Apr 2025, 01:42 PM"
We are looking for good professional driver for our kitchen.,Not mentioned,"Coimbatore - Sungam, Peelamedu, Saibaba Colony, Nanjundapuram + 1 more","15,000 - 16,000",Full Time Jobs,We are looking for good professional driver for our kitchen.,"29 Apr 2025, 12:14 PM"
Join Everest Fleet as a Driver Today.,Everest Fleet Pvt.Ltd,"Mumbai - Byculla East, Worli Naka, Dadar East, Prabhadevi + 1 more","30,000 - 35,000",Full Time Jobs,Join Everest Fleet as a Driver Today.,"29 Apr 2025, 11:27 AM"
Now Hiring EV Drivers for BluSmart in Bangalore,BLU-SMART FLEET PRIVATE LIMITED,"Bangalore - Chikkabasavanapura, Cox Town, Doddabelavagi, Frazer Town + 1 more","25,000 - 30,000",Full Time Jobs,Now Hiring EV Drivers for BluSmart in Bangalore,"29 Apr 2025, 10:36 AM"
Urgent requirement for red taxi driver. badge compulsory,Not mentioned,"Coimbatore - Villankurichi, Ganapathy, Gandhimaa Nagar, Kovilpalayam + 1 more","25,000 - 35,000",Full Time Jobs,Urgent requirement for red taxi driver. badge compulsory,"29 Apr 2025, 10:35 AM"
Ambulance Driver,Not mentioned,Coimbatore - Neelambur,"16,000 - 18,600",Full Time Jobs,Ambulance Driver,"29 Apr 2025, 10:29 AM"
WANTED DRIVER,Not mentioned,Chennai - Egmore,"53,000 - 60,000",Full Time Jobs,WANTED DRIVER,"29 Apr 2025, 10:11 AM"
Driver for ev,Not mentioned,Jaipur - 200 Feet Bypass Road,"14,000 - 15,000",Full Time Jobs,Driver for ev,"29 Apr 2025, 12:03 AM"
Drivers with licence,Not mentioned,"Lucknow - Gomati Nagar, Gomti Nagar Extension, Gomti Nagar, Indira Nagar + 1 more","8,000 - 10,000",Full Time Jobs,Drivers with licence,"28 Apr 2025, 08:51 PM"
Hiring Electric Taxi Driver for BluSmart Join Today in Bangalore,BLU-SMART FLEET PRIVATE LIMITED,"Bangalore - Abbigere, Agara-HSR Layout, Andrahalli Main Road, Aavalahalli + 1 more","25,000 - 30,000",Full Time Jobs,Hiring Electric Taxi Driver for BluSmart Join Today in Bangalore,"28 Apr 2025, 07:37 PM"
"Drive for BluSmart Eco-Friendly Cabs, High Earnings In Bangalore",BLU-SMART FLEET PRIVATE LIMITED,"Bangalore - Cheemasandra, Chennappa Layout, Chikkabanavara, Dairy Circle + 1 more","25,000 - 30,000",Full Time Jobs,"Drive for BluSmart Eco-Friendly Cabs, High Earnings In Bangalore","28 Apr 2025, 04:37 PM"
Car Driver,ISKCON Bangalore,Bangalore - Whitefield,"28,000 - 29,000",Full Time Jobs,Car Driver,"28 Apr 2025, 01:03 PM"
Now Hiring EV Drivers for BluSmart in Bangalore,BLU-SMART FLEET PRIVATE LIMITED,"Bangalore - Bileshivale, Byrathi, Chikkanahalli, Dayananda Nagar + 1 more","25,000 - 30,000",Full Time Jobs,Now Hiring EV Drivers for BluSmart in Bangalore,"28 Apr 2025, 12:09 PM"
uber hero driver,Not mentioned,Guwahati - Pan Bazar,"30,000 - 45,000",Part Time Jobs,uber hero driver,"28 Apr 2025, 10:51 AM"
driver executive,Not mentioned,Chennai - Guindy,"20,000 - 50,000",Full Time Jobs,driver executive,"28 Apr 2025, 10:44 AM"
Dakshin Honda Is Urgently Hiring For Professional Driver for Premium Cars,ELITE AUTOMOBILES PVT LTD (Dakshin Honda),"Bangalore - Hosur Road, Bommanahalli, Shivaji Nagar, Singasandra + 1 more","18,000 - 23,000",Full Time Jobs,Dakshin Honda Is Urgently Hiring For Professional Driver for Premium Cars,"28 Apr 2025, 10:43 AM"
Car Drivers needed to drive in IT Company - Day or Night,AAA GROUPS,"Chennai - Royapettah, Kolathur, Guindy, Thiruvanmiyur + 1 more","22,000 - 23,000",Full Time Jobs,Car Drivers needed to drive in IT Company - Day or Night,"28 Apr 2025, 10:41 AM"
Vallet Parking Drivers,Not mentioned,Hyderabad - Miyapur,"18,000 - 19,000",Full Time Jobs,Vallet Parking Drivers,"28 Apr 2025, 10:40 AM"
Rapido Is Hiring Delivery Boy Biker || Salary Upto 30000 ||,ROPPEN TRANSPORTATION SERVICES PVT LTD,"Sonbhadra - Renukoot, Chopan, Robertganj","25,000 - 30,000",Full Time Jobs,Rapido Is Hiring Delivery Boy Biker || Salary Upto 30000 ||,"28 Apr 2025, 10:39 AM"
Rapido Is Hiring Delivery Boy Biker || Salary Upto 30000 ||,ROPPEN TRANSPORTATION SERVICES PVT LTD,"Mirzapur - Mahant Shivala, Jamui, Marihan, Narayanpur + 1 more","25,000 - 30,000",Full Time Jobs,Rapido Is Hiring Delivery Boy Biker || Salary Upto 30000 ||,"28 Apr 2025, 10:38 AM"
Rapido Is Hiring Delivery Boy Biker || Salary Upto 30000 ||,ROPPEN TRANSPORTATION SERVICES PVT LTD,"Banda - Katra, Indira Nagar, Lama, Bangalipura + 1 more","25,000 - 30,000",Full Time Jobs,Rapido Is Hiring Delivery Boy Biker || Salary Upto 30000 ||,"28 Apr 2025, 10:38 AM"
Rapido Is Hiring Delivery Boy Biker || Salary Upto 30000 ||,ROPPEN TRANSPORTATION SERVICES PVT LTD,"Kushinagar - Kasia Bazaar, Narayanpur, Padrauna, Rabindra Nagar Dhoos + 1 more","25,000 - 30,000",Full Time Jobs,Rapido Is Hiring Delivery Boy Biker || Salary Upto 30000 ||,"28 Apr 2025, 10:38 AM"
Rapido Is Hiring Delivery Boy Biker || Salary Upto 30000 ||,ROPPEN TRANSPORTATION SERVICES PVT LTD,"Fatehpur - Krishna Bihari Nagar, Jahanabad, Khaga, Gautam Nagar + 1 more","25,000 - 30,000",Full Time Jobs,Rapido Is Hiring Delivery Boy Biker || Salary Upto 30000 ||,"28 Apr 2025, 10:38 AM"
Rapido Is Hiring Delivery Boy Biker || Salary Upto 30000 ||,ROPPEN TRANSPORTATION SERVICES PVT LTD,"Amroha - Bara Darbar, Begum Sara Kalan, Bijnor Moradabad Road, Chevara + 1 more","25,000 - 30,000",Full Time Jobs,Rapido Is Hiring Delivery Boy Biker || Salary Upto 30000 ||,"28 Apr 2025, 10:37 AM"
Rapido Is Hiring Delivery Boy Biker || Salary Upto 30000 ||,ROPPEN TRANSPORTATION SERVICES PVT LTD,"Auraiya - Narayanpur, Etawah Kanpur Road, Dibiyapur, Dudhiya Khera + 1 more","25,000 - 30,000",Full Time Jobs,Not mentioned,"28 Apr 2025, 10:37 AM"
Rapido Is Hiring Delivery Boy Biker || Salary Upto 30000 ||,ROPPEN TRANSPORTATION SERVICES PVT LTD,"Kannauj - Hardoi road, Kidwai Nagar, Safdarganj, Thakurana Road + 1 more","25,000 - 30,000",Full Time Jobs,Not mentioned,"28 Apr 2025, 10:37 AM"
Rapido Is Hiring Delivery Boy Biker || Salary Upto 30000 ||,ROPPEN TRANSPORTATION SERVICES PVT LTD,"Hathras - Hathras-Mathura Road, Mathura Road, Mursan Gate Road, Sadabad + 1 more","25,000 - 30,000",Full Time Jobs,Not mentioned,"28 Apr 2025, 10:37 AM"
Rapido Is Hiring Delivery Boy Biker || Salary Upto 30000 ||,ROPPEN TRANSPORTATION SERVICES PVT LTD,"Jind - Rani Talab, Sector-8, Sector-7, Sector 7A + 1 more","25,000 - 30,000",Full Time Jobs,Not mentioned,"28 Apr 2025, 10:37 AM"
Rapido Is Hiring Delivery Boy Biker || Salary Upto 30000 ||,ROPPEN TRANSPORTATION SERVICES PVT LTD,"Korba - M P Nagar, SBS Colony, Sharda Vihar, Risid + 1 more","25,000 - 30,000",Full Time Jobs,Not mentioned,"28 Apr 2025, 10:37 AM"
Rapido Is Hiring Delivery Boy Biker || Salary Upto 30000 ||,ROPPEN TRANSPORTATION SERVICES PVT LTD,"Bahraich - Nanpara Road, Huzoorpur, Nawagarhi, Nanpara + 1 more","25,000 - 30,000",Full Time Jobs,Not mentioned,"28 Apr 2025, 10:37 AM"
Rapido Is Hiring Delivery Boy Biker || Salary Upto 30000 ||,ROPPEN TRANSPORTATION SERVICES PVT LTD,"Pilibhit - Bisalpur, Ekta Nagar, Lieshi Tola, Madhotanda + 1 more","25,000 - 30,000",Full Time Jobs,Not mentioned,"28 Apr 2025, 10:36 AM"
Rapido Is Hiring Delivery Boy Biker || Salary Upto 30000 ||,ROPPEN TRANSPORTATION SERVICES PVT LTD,"Bijnor - Nai Basti, Noorpur, Saidkheri, Meerut Road Bijnor + 1 more","25,000 - 30,000",Full Time Jobs,Not mentioned,"28 Apr 2025, 10:36 AM"
Rapido Is Hiring Delivery Boy Biker || Salary Upto 30000 ||,ROPPEN TRANSPORTATION SERVICES PVT LTD,"Murshidabad - Sahapur, Sagardighi, Sarkarpara, Kathgola + 1 more","25,000 - 30,000",Full Time Jobs,Not mentioned,"28 Apr 2025, 10:36 AM"
Rapido Is Hiring Delivery Boy Biker || Salary Upto 30000 ||,ROPPEN TRANSPORTATION SERVICES PVT LTD,"Valsad - Chanvai, Faldhara, Jeshpor, Lilapore + 1 more","25,000 - 30,000",Full Time Jobs,Not mentioned,"28 Apr 2025, 10:36 AM"
"Drive for BluSmart Eco-Friendly Cabs, High Earnings In Delhi",BLU-SMART FLEET PRIVATE LIMITED,"Delhi - Babarpur, Bholanath Nagar Marg, Chanchal Park, Dwarka Sector 15 + 1 more","25,000 - 30,000",Full Time Jobs,Not mentioned,"28 Apr 2025, 10:30 AM"
WANTED DRIVER,Not mentioned,Chennai - Taramani,"53,000 - 60,000",Full Time Jobs,Not mentioned,"28 Apr 2025, 10:25 AM"
WANTED DRIVER,Not mentioned,Chennai - Chrompet,"53,000 - 60,000",Full Time Jobs,Not mentioned,"28 Apr 2025, 10:25 AM"
WANTED DRIVER,Not mentioned,Chennai - Ennore,"53,000 - 60,000",Full Time Jobs,Not mentioned,"28 Apr 2025, 10:25 AM"
WANTED DRIVER,Not mentioned,Chennai - Balavinayagar Nagar,"52,000 - 60,000",Full Time Jobs,Not mentioned,"28 Apr 2025, 10:25 AM"
Wanted Driver Ola Uber,Wanted Driver Ola Uber Daily Payment Or Monthly Pa,"Bangalore - Annapoorneshwari Nagar, Nagarabhavi, Laggere, Sunkadakatte","20,000 - 25,000",Full Time Jobs,Not mentioned,"28 Apr 2025, 10:23 AM"
Exciting Opportunities for Cab Drivers at Everest Fleet.,Everest Fleet Pvt.Ltd,"Pune - Chinchwad, Bhoslenagar-Khadki, Deccan Gymkhana, Yerawada + 1 more","30,000 - 35,000",Full Time Jobs,Not mentioned,"27 Apr 2025, 11:40 AM"
Driver Leasing Scheme,Everest Fleet Pvt.Ltd,"Chennai - Adyar, Ambattur, Ambattur Industrial Estate, Aminjikarai + 1 more","28,000 - 30,000",Full Time Jobs,Not mentioned,"27 Apr 2025, 11:02 AM"
BluSmart Hiring Electric Cab Drivers Earn Big In Bangalore,BLU-SMART FLEET PRIVATE LIMITED,Bangalore - Full City,"25,000 - 30,000",Full Time Jobs,Not mentioned,"26 Apr 2025, 10:27 PM"
Car driver,Not mentioned,Sikar - Railway Station Road,"20,000 - 21,000",Full Time Jobs,Not mentioned,"26 Apr 2025, 07:43 PM"
Limited Vacancies for Cab Drivers at Everest Fleet,Everest Fleet Pvt.Ltd,"Delhi - Gautam Buddha Nagar, Rohini, Gandhi Nagar, Prem Nagar + 1 more","25,000 - 30,000",Full Time Jobs,Not mentioned,"26 Apr 2025, 04:52 PM"
Driver for tata ace,Not mentioned,"Coimbatore - Chinnavedampatti, Gandhimaa Nagar, Ganapathy, Saravanampatti","14,000 - 15,000",Full Time Jobs,Not mentioned,"26 Apr 2025, 03:53 PM"
Join BluSmart as an Electric Vehicle Driver in Delhi,BLU-SMART FLEET PRIVATE LIMITED,"Delhi - Bamnoli, Bhagwati Vihar, Block E, Chattarpur Enclave Phase 1 + 1 more","25,000 - 30,000",Full Time Jobs,Not mentioned,"26 Apr 2025, 03:51 PM"
Join BluSmart as an Electric Vehicle Driver in Delhi,BLU-SMART FLEET PRIVATE LIMITED,"Delhi - Jaitpur, Jharoda Kalan, Joshi Colony, Kalu Sarai + 1 more","25,000 - 30,000",Full Time Jobs,Not mentioned,"26 Apr 2025, 03:50 PM"
Urgent Hiring For Electric Cab Driver Blu-Smart in Delhi,BLU-SMART FLEET PRIVATE LIMITED,"Delhi - Asha Park, Brij Puri, Dakshinpuri, Ganesh Nagar + 1 more","25,000 - 30,000",Full Time Jobs,Not mentioned,"26 Apr 2025, 03:35 PM"
Driver job,Not mentioned,Mumbai - Chembur East,"35,000 - 45,000",Full Time Jobs,Driver,"26 Apr 2025, 02:41 PM"
Personal driver,Not mentioned,Pune - Viman Nagar,"17,000 - 18,000",Full Time Jobs,Driver - Private-Driver,"26 Apr 2025, 01:59 PM"
BluSmart Hiring 200+ Drivers Apply Now & Start Earning In Bangalore,BLU-SMART FLEET PRIVATE LIMITED,"Bangalore - Budigere Road, Thanisandra, Bagaluru, International Airport Road + 1 more","25,000 - 30,000",Full Time Jobs,"Driver - Company-driver, Private-Driver, Commercial-Transport-Driver, Interstate-Driver + 10 more","26 Apr 2025, 01:51 PM"
Exciting Opportunities for Cab Drivers at Everest Fleet.,Everest Fleet Pvt.Ltd,"Mumbai - Byculla, Worli Naka, Dadar East, Prabhadevi + 1 more","30,000 - 35,000",Full Time Jobs,"Driver - Truck-driver, Taxi-driver, Taxi/Cab","26 Apr 2025, 12:20 PM"
Join BluSmart as an Electric Vehicle Driver in Bangalore,BLU-SMART FLEET PRIVATE LIMITED,"Bangalore - 80 Ft. Road, A Dasarahalli, Achit Nagar, Agara-HSR Layout + 1 more","25,000 - 30,000",Full Time Jobs,"Driver - Company-driver, Private-Driver, Commercial-Transport-Driver, Interstate-Driver + 10 more","26 Apr 2025, 11:33 AM"
cab driver,Not mentioned,Kolkata - Shalimar,"15,000 - 20,000",Full Time Jobs,Driver - Commercial Transport Driver,"26 Apr 2025, 10:59 AM"
Drive Electric with BluSmart Apply Today in Bangalore,BLU-SMART FLEET PRIVATE LIMITED,"Bangalore - Amarjyothi Layout-RMV Layout, Anagalapura, BCC Layout, Begur Road + 1 more","25,000 - 30,000",Full Time Jobs,"Driver - Company-driver, Private-Driver, Commercial-Transport-Driver, Interstate-Driver + 10 more","26 Apr 2025, 10:55 AM"
WANTED DRIVER,Not mentioned,Chennai - Manimangalam,"52,000 - 60,000",Full Time Jobs,Driver,"26 Apr 2025, 10:27 AM"
WANTED DRIVER,Not mentioned,Chennai - Ayanavaram,"52,000 - 60,000",Full Time Jobs,Driver,"26 Apr 2025, 10:27 AM"
Ministry Driver who is experienced in driving Innova and Fortuner,Not mentioned,Varanasi - Nagwa Lanka,"10,000 - 14,000",Full Time Jobs,Driver,"25 Apr 2025, 02:52 PM"
EV Driver Opportunities Drive with BluSmart in Bangalore,BLU-SMART FLEET PRIVATE LIMITED,"Bangalore - Yelahanka, Ambalipura Sarjapur Road, Anjanapura, Ayappa Garden-Adugodi + 1 more","25,000 - 30,000",Full Time Jobs,"Driver - Company-driver, Private-Driver, Commercial-Transport-Driver, Interstate-Driver + 10 more","25 Apr 2025, 01:58 PM"
Driver - Doctor House at Korattur,Not mentioned,"Chennai - Korattur, Ambattur","18,000 - 25,000",Full Time Jobs,Driver - Private Driver,"25 Apr 2025, 12:55 PM"
EV Driver Opportunities Drive with BluSmart in Delhi,BLU-SMART FLEET PRIVATE LIMITED,"Delhi - Bhajanpura, Bhikaji Cama Place, Chaman Vihar, Chhatarpur + 1 more","25,000 - 30,000",Full Time Jobs,"Driver - Company-driver, Private-Driver, Commercial-Transport-Driver, Interstate-Driver + 10 more","25 Apr 2025, 10:37 AM"
Urgent Requirement for All Types of Driver,Ola,"Mumbai - Bhandup Complex, Ambernath, Kalbadevi, Dombivli East + 1 more","30,000 - 35,000",Full Time Jobs,Driver,"25 Apr 2025, 10:33 AM"
I want cab driver,Not mentioned,Chennai - Vandalur,"35,000 - 38,000",Full Time Jobs,Driver - Taxi driver,"25 Apr 2025, 10:21 AM"
Cab Drivers Needed at Everest Fleet,Everest Fleet Pvt.Ltd,"Bangalore - Begur, Hebbal, Kengeri, Marathahalli-Sarjapur Outer Ring Road + 1 more","35,000 - 40,000",Full Time Jobs,"Driver - Truck-driver, Taxi-driver, Taxi/Cab","25 Apr 2025, 09:58 AM"
Driver required personal use,Not mentioned,"Vizag - RK Beach, Chinna Waltair, Maharani Peta, Purna Market + 1 more","15,000 - 18,000",Full Time Jobs,Driver,"25 Apr 2025, 05:12 AM"
Company Driver,WAE Corp ltd,"Noida - Noida Extension, Sector 150","20,000 - 25,000",Full Time Jobs,Driver - Company-driver,"25 Apr 2025, 01:45 AM"
Cab Drivers Wanted with a Joining Bonus at Everest Fleet,Everest Fleet Pvt.Ltd,"Mumbai - Byculla, Worli Naka, Dadar, Prabhadevi + 1 more","30,000 - 35,000",Full Time Jobs,"Driver - Truck-driver, Taxi-driver, Taxi/Cab","24 Apr 2025, 10:24 PM"
driver for gas agency,Not mentioned,Lucknow - Gomti Nagar Phase Ii,"10,000 - 12,000",Full Time Jobs,Driver,"24 Apr 2025, 05:52 PM"
TRUCK DRIVER BANGALORE,Not mentioned,Bangalore - Yelahanaka,"20,000 - 20,000",Full Time Jobs,"Driver - Commercial-Transport-Driver, Truck-driver","24 Apr 2025, 05:11 PM"
Exciting Opportunities for Cab Drivers at Everest Fleet.,Everest Fleet Pvt.Ltd,"Pune - Balewadi, Hinjewadi, Bhumkar Nagar, Chinchwad + 1 more","30,000 - 35,000",Full Time Jobs,"Driver - Truck-driver, Taxi-driver, Taxi/Cab","24 Apr 2025, 04:57 PM"
Car Driver,Not mentioned,Chennai - Guindy,"10,000 - 18,000",Full Time Jobs,Driver - Company driver,"24 Apr 2025, 03:49 PM"
Delivery Associate,G LogisticsS,"Chennai - Poonamallee, Pattabiram, Avadi, Mangadu + 1 more","18,000 - 24,000",Full Time Jobs,"Driver - Commercial-Transport-Driver, Interstate-Driver, Heavy-Vehicle-Driver, Truck-driver","24 Apr 2025, 03:09 PM"
Urgent Hiring BluSmart Drivers Needed In Delhi,BLU-SMART FLEET PRIVATE LIMITED,"Delhi - Dayal Pur, Dilshad Colony, Gadaipur, Haibutpur + 1 more","25,000 - 30,000",Full Time Jobs,"Driver - Company-driver, Private-Driver, Commercial-Transport-Driver, Interstate-Driver + 10 more","24 Apr 2025, 02:48 PM"
WANTED DRIVER,Not mentioned,Chennai - Alwarpet,"51,000 - 56,000",Full Time Jobs,Driver,"24 Apr 2025, 10:28 AM"
Cab Drivers Needed at Everest Fleet,Everest Fleet Pvt.Ltd,"Bangalore - Banashankari, Bannerghatta Road, Ashok Nagar, Bommanahalli + 1 more","35,000 - 40,000",Full Time Jobs,"Driver - Truck-driver, Taxi-driver, Taxi/Cab","24 Apr 2025, 09:12 AM"
Cab Drivers Wanted with a Joining Bonus at Everest Fleet,Everest Fleet Pvt.Ltd,"Kolkata - Kalighat, Charu Market, New Alipore, Chetla + 1 more","30,000 - 35,000",Full Time Jobs,Driver,"24 Apr 2025, 01:06 AM"
Executive dr,Not mentioned,Pune - Lohegaon,"10,000 - 30,000",Full Time Jobs,Driver,"24 Apr 2025, 12:47 AM"
BIKE RIDER JOB AVAILABLE IN DUBAI || SALARY STARTS FROM 60000 TO 70000 || IMMEDIATE JOINING || FOOD AND ACCOMMODATION FREE ||,TEACHER TECHNOLOGIES,Dubai,"60,000 - 80,000",Work Abroad,Driver - Two-Wheeler-Driver,"23 Apr 2025, 10:19 PM"
Wanted Drivers in Chetpet Chennai,Not mentioned,Chennai - Chetpet,"17,000 - 18,000",Full Time Jobs,Driver,"23 Apr 2025, 08:22 PM"
Need Driver For Tata Ace Tempo,Not mentioned,Mumbai - Borivali West,"18,000 - 20,000",Full Time Jobs,Driver - Commercial Transport Driver,"23 Apr 2025, 07:03 PM"
Riders Delivery boy,Last mile delivery,"Bangalore - HSR Layout, Begur","15,000 - 25,000",Full Time Jobs,Driver - Two-Wheeler-Driver,"23 Apr 2025, 06:07 PM"
"Driver Required for Long-Distance Taxi Service,Looking for a Driver for Long Trip",Not mentioned,Chennai - Ambattur,"27,000 - 30,000",Full Time Jobs,"Driver - Commercial Transport Driver, Company driver, Taxi driver","23 Apr 2025, 05:23 PM"
driver need,Not mentioned,Chennai - Parrys,"40,000 - 49,000",Full Time Jobs,Driver - Commercial Transport Driver,"23 Apr 2025, 04:40 PM"
Personal Driver,Ranjit Ghosh,"Kolkata - Bidhannagar, Salt Lake Sector II","13,000 - 14,000",Full Time Jobs,Driver - Private-Driver,"23 Apr 2025, 02:09 PM"
need a cab driver for software company,Not mentioned,"Hyderabad - Gachibowli, Kothaguda, Hi Tech City, Kukatpally","16,000 - 25,000",Full Time Jobs,"Driver - Company driver, Taxi driver","23 Apr 2025, 01:36 PM"
urgent requirement saudi arabia,Not mentioned,Hyderabad - Mehdipatnam,"35,000 - 45,000",Full Time Jobs,Driver - Private Driver,"23 Apr 2025, 01:28 PM"
Exciting Opportunities for Cab Drivers at Everest Fleet.,Everest Fleet Pvt.Ltd,"Pune - Balewadi, Hinjewadi, Bhumkar Nagar, Chinchwad + 1 more","30,000 - 35,000",Full Time Jobs,"Driver - Truck-driver, Taxi-driver, Taxi/Cab","23 Apr 2025, 12:36 PM"
It company driver 12 hours duty,Not mentioned,Chennai - Ramapuram,"23,000 - 28,000",Full Time Jobs,Driver,"23 Apr 2025, 10:07 AM"
Auto trolley driver required,Not mentioned,"Hyderabad - Aditya Nagar Colony-Toli Chowki, Aditya Nagar-Hafeezpet, Allwyn Colony, Attapur + 1 more","15,000 - 20,000",Full Time Jobs,Driver,"23 Apr 2025, 10:06 AM"
Luxury car driver,Not mentioned,Gurgaon - Ashok Vihar,"28,000 - 35,000",Full Time Jobs,Driver,"23 Apr 2025, 10:06 AM"
WANTED DRIVER,Not mentioned,Chennai - Adyar,"56,000 - 60,000",Full Time Jobs,Driver,"23 Apr 2025, 10:06 AM"
WANTED DRIVER,Not mentioned,Chennai - Ayanavaram,"51,000 - 56,000",Full Time Jobs,Driver,"23 Apr 2025, 10:06 AM"
I need driver,Not mentioned,Hyderabad - Hi Tech City,"16,000 - 18,000",Full Time Jobs,Driver - Company driver,"23 Apr 2025, 10:05 AM"
WANTED DRIVER,Not mentioned,Chennai - Madhavaram,"50,000 - 60,000",Full Time Jobs,Driver,"23 Apr 2025, 10:04 AM"
Urgent Requirement for water tanker driver,Not mentioned,"Pune - Deccan, Shivaji Nagar, Kothrud, Deccan Gymkhana","20,000 - 22,000",Full Time Jobs,Driver - Commercial Transport Driver,"23 Apr 2025, 09:47 AM"
Wanted Drivers,karunadu Services Private limited,"Bangalore - Bellandur, Bellandur Outer Ring Road, Kadubeesanahalli","18,000 - 30,000",Full Time Jobs,"Driver - Company-driver, Private-Driver, Commercial-Transport-Driver, Heavy-Vehicle-Driver","22 Apr 2025, 10:56 PM"
